LIMIT_BAL,SEX,EDUCATION,MARRIAGE,AGE,PAY_0,PAY_2,PAY_3,PAY_4,PAY_5,PAY_6,BILL_AMT1,BILL_AMT2,BILL_AMT3,BILL_AMT4,BILL_AMT5,BILL_AMT6,PAY_AMT1,PAY_AMT2,PAY_AMT3,PAY_AMT4,PAY_AMT5,PAY_AMT6,DEFAULT
108231,Female,High School,Married,55,3,2,2,3,4,4,37703,10213,3152,79723,6530,66149,8084,19330,35076,41309,34210,32519,1
714225,Female,Others,Others,71,2,3,2,4,2,-1,64422,23129,48663,95609,74733,73550,28692,10391,16001,30,2806,1286,1
477153,Female,Others,Married,47,-1,3,1,1,4,3,19614,94989,92431,55500,99621,1120,29307,40683,5119,6601,47988,3860,0
742555,Female,Graduate School,Others,57,1,2,2,-1,0,4,15711,65034,91263,65483,30509,2391,44400,28453,22120,24389,31936,10274,0
510642,Female,University,Married,66,4,1,-1,-1,-1,-1,93406,59606,26180,97464,28409,9158,37327,45441,565,43098,3325,10726,0
548182,Female,Graduate School,Single,41,4,4,4,0,4,-1,16066,15524,65270,93671,83095,96524,6240,14263,40407,18559,39415,49888,0
432376,Female,Others,Married,36,2,2,0,-1,1,-1,43291,17098,70214,10323,44598,99185,7817,27855,12090,21449,20140,29282,0
325239,Male,High School,Married,48,4,-1,4,2,-1,4,31891,75548,35077,79086,97132,40699,34283,19420,8992,17231,21781,29777,0
563560,Male,Others,Married,45,4,-1,4,1,1,-1,-247,58811,89482,67163,58130,22746,44881,36843,28206,49943,8993,25916,0
588309,Male,Unknown,Single,53,2,-1,-1,2,-1,0,39882,48827,25649,80768,43089,12045,15712,46157,45701,24276,40840,14290,1
231120,Female,High School,Married,37,2,-1,2,-1,0,4,33374,35273,46496,17919,50524,53153,15964,45227,23575,49660,15153,2377,0
43645,Male,Graduate School,Married,63,-1,0,1,-1,-1,-1,38293,61903,62282,17656,54954,39024,27742,24108,5084,29416,10549,24771,0
31179,Male,High School,Single,50,-1,1,1,2,4,0,2578,68138,69237,52956,90572,68379,34195,3667,41951,45795,44217,27037,1
544979,Male,Unknown,Others,61,4,0,3,0,-1,2,85586,22059,93317,15544,37996,57141,6085,43899,29300,7977,28655,49004,1
663724,Male,Others,Married,73,2,3,1,-1,1,0,80004,40877,63903,49936,20505,5129,32391,13742,14062,37100,11487,9696,1
270005,Female,University,Single,24,2,3,1,2,0,4,18229,41782,12060,58288,29132,67746,30541,8796,43485,14294,40357,46472,1
222718,Male,University,Married,22,4,2,2,2,1,4,67474,21888,91413,87518,31558,90698,44164,18920,21997,9204,8787,38160,1
241899,Male,University,Single,29,0,-1,0,1,0,-1,41886,27398,74558,18566,56202,74505,47157,33433,10621,19408,34815,21802,0
317455,Female,Others,Others,74,1,2,0,0,4,4,12875,9795,82779,13880,23116,37284,17397,1232,22901,35838,40986,19302,0
367525,Male,University,Others,51,3,3,2,3,3,2,61742,85723,39487,51776,75769,47056,40047,11979,43560,17458,35196,44984,0
180110,Female,Unknown,Married,45,3,-1,1,2,2,3,99731,82650,-84,10936,86064,99835,36994,24311,39673,22352,38207,25446,0
562766,Male,Others,Single,57,4,4,-1,1,4,0,89276,76156,22648,95284,8250,9626,41379,32091,13634,49620,130,30860,1
458991,Male,University,Others,56,3,1,4,3,4,3,78686,70512,43135,82947,24547,53639,3349,22408,27736,20867,19451,24760,1
312476,Male,Graduate School,Others,75,-1,3,4,1,2,2,8701,28232,50814,11198,58734,93029,47879,41311,43099,23613,19735,9881,1
602145,Female,Others,Single,25,-1,4,0,1,1,0,48121,12284,36460,7376,72360,19937,38844,9953,376,13654,2332,17596,0
55900,Male,Others,Married,44,0,2,2,4,4,-1,22291,61630,80391,66432,4455,17663,12157,19279,40910,23704,736,11837,1
231141,Male,High School,Others,44,4,4,-1,0,0,0,93822,98928,57581,34172,47560,95794,37955,30767,30337,17119,36615,38992,1
136861,Female,University,Others,49,-1,2,1,-1,-1,-1,23116,33574,91272,83459,83424,74095,13885,22558,10339,8133,17475,8689,1
575386,Male,Graduate School,Others,70,4,3,2,0,4,1,4886,60702,335,16116,24474,42727,42386,20954,22058,30760,232,1565,1
542582,Male,Unknown,Married,65,4,0,0,3,2,0,12672,90566,91728,62295,41773,6305,7018,7424,38010,16037,31330,24793,1
727940,Male,Others,Others,51,2,1,-1,4,4,0,13508,64139,53202,8813,502,90509,20654,6362,2847,22205,49373,4620,0
179173,Male,Unknown,Single,57,1,4,-1,0,1,3,93204,62683,61564,97881,30117,20940,13591,22772,11659,43816,38523,25937,1
166131,Male,Unknown,Married,78,1,4,0,-1,1,3,73928,73081,92830,50313,6042,97458,8655,15839,8214,22060,935,45176,1
554991,Female,Unknown,Others,76,4,3,-1,0,1,2,36936,32708,9892,19232,29501,63006,389,4538,39430,16079,5733,17889,1
464633,Female,High School,Single,39,1,3,4,0,0,-1,45190,6787,41913,82228,89454,43146,39659,46730,44729,20861,24514,22706,0
781896,Female,Unknown,Single,43,1,2,0,0,4,4,2281,68481,46971,76920,19244,12657,16519,6644,15454,16479,7567,45277,0
724588,Male,University,Married,55,3,-1,4,2,1,3,73346,87978,24524,32609,23242,82034,35224,23778,9110,9103,34111,25372,0
668565,Male,University,Single,74,3,-1,2,2,3,2,50864,27718,64837,56499,55671,-301,18655,32557,10171,29458,43271,4956,0
438145,Male,Graduate School,Married,70,2,-1,3,0,-1,-1,94386,53000,94448,38021,83780,72101,23497,31488,33144,37156,364,39533,1
745882,Male,Graduate School,Married,26,0,2,1,-1,1,-1,98990,7421,13903,44108,98552,6109,25194,4350,15384,11498,46468,11911,0
545916,Male,Unknown,Married,26,-1,-1,2,-1,0,-1,46659,76210,91700,90814,55235,73323,9768,69,39202,20820,43749,48235,0
637943,Female,Unknown,Single,76,-1,3,4,-1,-1,1,11924,29596,51846,75363,29766,49165,28345,31174,25826,8910,32378,15696,0
211161,Female,High School,Married,57,3,0,1,-1,-1,-1,80559,53004,41435,84305,57552,24115,11117,25153,42156,43964,42210,6670,0
278662,Female,Unknown,Married,50,4,0,1,4,2,2,63966,54611,89725,3821,4010,80174,38274,7169,26246,23399,8647,32691,0
179563,Male,Unknown,Single,21,1,0,4,4,1,-1,93044,85777,70180,16797,21146,64547,9395,4084,24004,23758,26339,23473,1
149018,Female,Unknown,Married,28,2,-1,4,1,1,4,27468,61540,4520,64580,33907,9135,9913,13068,15647,7658,13616,47298,1
534898,Female,Others,Others,48,0,0,0,0,4,4,27379,72274,32436,94143,91091,19843,8785,27026,44100,43388,14840,43268,0
473054,Female,Others,Single,45,3,4,3,0,0,-1,60654,68308,1128,17070,64161,-339,11952,13138,11544,31884,45383,21345,1
306455,Female,High School,Single,53,4,-1,4,1,3,2,90465,55887,79995,4236,56900,71917,41565,8320,11102,15265,11924,25608,0
136419,Male,High School,Single,73,2,4,1,-1,4,0,56962,11365,81137,25745,54270,60753,22404,1506,22869,20065,41778,46295,0
796289,Male,University,Others,58,4,3,1,3,3,-1,53255,75334,59275,5625,93516,20958,34237,12280,29541,39958,28668,44804,0
240842,Female,High School,Married,72,2,4,2,3,2,2,15664,38855,7940,92353,12960,8614,14451,30865,34124,47467,26541,45978,1
483408,Female,University,Single,34,3,3,3,1,3,3,12633,63137,23776,18109,60030,70407,30964,34416,18150,32505,19775,35952,0
245612,Female,Unknown,Single,31,2,2,3,3,0,2,43337,14775,96281,24999,98456,65115,34074,24568,21889,11411,49887,38516,1
253095,Female,High School,Single,22,1,2,1,2,2,1,3932,66520,83541,39777,35512,89373,5332,14111,10556,43573,31211,41299,1
533111,Female,High School,Others,73,2,4,3,0,1,3,15205,98356,96238,3014,19005,48647,26263,35935,28552,32697,47564,10286,1
716658,Female,High School,Others,50,0,1,2,3,3,4,84470,37022,65257,37548,63056,78006,38565,18932,38194,15162,19990,37693,0
356336,Female,University,Others,50,2,3,0,4,0,4,50111,64886,99185,69131,12472,77615,47554,1479,36609,6035,36282,13100,0
576099,Female,University,Married,24,-1,-1,1,4,0,0,48541,65448,58571,40033,62663,14650,20367,5523,16927,22510,32647,16872,0
604360,Female,Graduate School,Married,33,2,1,-1,2,1,0,69719,36213,86101,51170,57316,86854,11918,32775,11463,46925,48354,42305,0
649695,Male,University,Others,27,4,3,1,0,0,2,84787,57648,83240,38060,68443,12854,42008,16603,44623,6128,21045,41750,0
260440,Female,University,Married,58,3,-1,1,2,2,2,19744,9715,38718,66096,77761,66672,18119,8916,30560,26841,15886,23649,1
52974,Male,Others,Others,23,-1,3,0,0,2,-1,1053,32059,8968,57235,88667,69599,19743,46757,14410,38746,25395,44476,0
685216,Male,High School,Married,29,3,3,4,0,4,-1,7359,90324,79634,75860,10603,53603,8876,6917,22431,14817,40924,45148,1
505162,Female,University,Married,34,4,-1,4,3,-1,4,33934,55902,73426,91001,41251,89617,6327,2049,16351,20444,34482,26410,0
616271,Female,High School,Others,72,0,3,-1,4,1,1,39874,80314,65157,94285,93425,88217,47354,36553,34388,48543,515,38045,0
317967,Male,High School,Single,31,1,3,-1,1,0,-1,63737,14223,58931,24822,-837,15590,26914,7657,37080,2984,47521,23106,1
371007,Male,Others,Single,57,0,3,-1,3,3,4,11461,32235,94193,76530,99018,43391,25524,41730,14968,19180,5220,12425,0
787494,Female,High School,Married,34,-1,2,4,-1,4,2,54424,67813,15843,81392,67998,34898,39709,49891,8723,5444,31127,28031,0
477613,Male,University,Married,39,4,0,0,2,2,2,20566,53513,90196,33985,9287,79991,28006,20679,29120,37699,42388,6433,0
226886,Female,High School,Married,28,4,3,3,-1,1,-1,44006,13641,55377,24276,53465,17238,10863,30664,40596,20310,38017,14400,1
77078,Female,Graduate School,Married,79,1,-1,-1,0,1,1,92052,53455,23875,42039,57144,53730,33072,20505,48134,3808,44550,7941,0
602239,Male,Graduate School,Married,27,2,4,3,3,2,4,57641,51727,58888,80972,59109,37032,2397,42977,17272,8680,40778,19653,1
153977,Female,Others,Married,79,-1,3,2,-1,-1,2,99949,10391,80234,1987,5227,17044,15698,32093,28632,46487,24515,19983,0
523994,Male,University,Others,79,1,2,0,-1,1,4,45064,87512,25006,7330,83580,91693,22451,31682,49544,40079,12322,49854,0
113691,Female,Others,Single,27,3,2,3,4,0,1,49368,19709,23525,24973,49842,14712,35294,13642,42581,23327,6142,46016,1
228171,Female,Graduate School,Single,76,1,4,4,-1,3,2,96005,32832,51604,63558,30790,3979,46544,49661,36225,26834,30873,16260,1
706315,Male,University,Others,75,3,3,4,4,3,4,69163,36656,88232,17521,32001,73012,39927,18379,29842,19097,11665,22040,1
213251,Male,High School,Others,23,3,1,-1,4,2,1,10191,10655,95846,98131,33644,98022,12417,33782,2363,25826,19519,34041,1
582723,Female,University,Single,23,4,4,-1,0,1,1,98509,12111,91500,74811,40921,60332,32954,19485,31173,6118,38646,538,1
283390,Female,Unknown,Single,38,1,0,3,4,3,1,71239,25269,4925,89084,84290,15641,32239,17306,23738,38481,43575,44713,1
274602,Male,University,Married,65,4,-1,4,0,1,-1,81147,61275,30122,47119,46951,29711,1564,42751,27436,28536,5071,4212,0
529161,Female,High School,Single,53,4,-1,3,4,2,0,50765,63532,38199,26552,95402,83517,39581,26131,33085,14707,38710,19323,0
199579,Male,Unknown,Married,57,0,-1,2,4,-1,4,33904,17778,32756,93761,70875,41882,34677,38195,22921,25567,31720,27190,0
16028,Male,Others,Married,48,0,-1,0,0,3,1,22695,89198,23789,36603,86029,63152,26858,8212,12666,24975,9468,33253,0
244823,Male,University,Single,56,4,2,4,-1,0,4,62205,91704,15915,27940,49197,39780,41237,17448,8896,12596,21284,17770,1
129247,Female,Others,Married,36,4,0,1,2,4,1,5958,45418,1917,44965,37859,57583,31845,22395,47897,36867,4659,33551,1
324045,Male,University,Married,35,3,3,4,3,2,4,81169,64539,71421,7377,30937,47573,17866,46577,13785,26143,2962,11251,0
241324,Female,Graduate School,Others,49,4,3,2,3,4,2,1272,61660,58328,67978,3481,26870,21266,26559,27450,3817,30734,35692,1
671666,Male,Graduate School,Single,79,-1,1,4,0,-1,4,59294,37708,58602,61308,78848,87718,23362,18283,20628,26849,41854,24153,1
509612,Female,High School,Others,38,1,3,2,-1,0,0,86958,57865,9410,71938,36227,34781,46311,32758,48139,6482,12627,21996,0
284507,Female,Graduate School,Married,69,-1,0,4,2,4,2,2018,50129,93745,34961,16791,53376,42837,31683,39653,9317,2410,32155,1
679426,Male,Unknown,Married,66,0,3,2,1,0,2,77496,41434,12574,95679,-793,20001,47377,36311,43469,22284,49331,29085,0
73804,Male,Unknown,Others,66,-1,2,-1,0,3,1,66751,73858,96057,3928,36138,78601,12652,46387,31903,36091,588,8061,1
124433,Male,University,Others,39,2,4,3,1,1,3,99461,24977,61115,8604,88070,94208,13789,27082,4006,40414,18429,40057,0
58544,Female,Others,Others,49,2,3,4,3,2,0,82716,58319,93597,47029,8944,-113,49088,25089,12002,11691,22238,36300,1
10189,Female,Unknown,Married,26,0,-1,0,3,0,2,18628,77759,38332,92300,97205,88201,12755,36342,27600,1565,35993,24408,1
261768,Female,University,Single,65,-1,-1,-1,2,3,3,80406,78702,58453,12777,73223,65280,42608,27691,45750,41878,30740,37292,0
17482,Male,Others,Married,70,1,4,2,2,-1,3,56198,82670,29805,39364,16285,88156,34692,40,47670,21003,11228,18188,0
790788,Male,Graduate School,Others,78,0,-1,0,1,0,2,-704,97305,13826,51068,96818,18820,30667,39749,47369,15850,37532,22779,0
493304,Male,University,Single,67,2,-1,-1,3,-1,1,99231,73872,29779,24591,43558,20547,2698,49414,21026,40135,39855,25674,0
535087,Male,Others,Others,75,0,2,1,2,2,-1,13578,25214,34292,69073,25782,66240,44759,46373,13950,4119,20437,24687,0
655979,Male,High School,Married,47,-1,2,4,2,3,2,12554,40108,11607,60478,88003,56554,47929,40913,29763,47866,4464,24214,0
413150,Female,High School,Single,27,-1,2,4,3,-1,1,20585,30667,58443,55203,82669,68600,43868,41992,24584,18038,35474,969,1
329702,Male,Unknown,Single,47,-1,3,2,3,1,0,33225,19631,44712,30905,56803,50108,26807,34587,48284,42573,46157,18017,0
331367,Female,Others,Married,39,3,4,-1,-1,4,1,2546,88652,44883,3261,3489,9718,15253,15358,20038,48562,12158,41319,1
749980,Male,High School,Others,37,-1,-1,-1,4,-1,3,45622,31421,100,33703,8108,49854,14135,49279,47567,241,7166,21246,0
313700,Male,Unknown,Others,61,4,1,2,2,-1,0,26703,21419,7310,56193,63430,3214,26604,18962,42283,4332,21622,33686,1
413125,Male,University,Others,31,2,4,1,1,3,0,2664,42313,42728,90580,71118,89597,16655,30659,38207,35837,12646,16551,0
101467,Male,University,Married,25,2,1,4,0,3,-1,90701,66579,37069,36306,80274,58500,40519,31363,43256,41253,20310,19705,0
625692,Male,Others,Others,22,3,-1,3,0,0,-1,30099,702,88737,68962,7030,76038,35011,12812,49148,48475,34408,28479,1
53558,Female,Others,Single,67,2,0,1,3,4,2,81015,37715,46740,61432,60603,41026,15117,22235,35371,13398,18034,26836,1
744742,Male,Others,Others,76,2,4,2,4,-1,1,52084,42889,8233,358,20118,96673,19336,16376,5747,37073,14367,15802,0
228865,Female,Others,Others,32,0,3,3,1,-1,2,41319,11762,-504,77959,10593,9007,16714,48906,36301,25363,26981,11031,0
431229,Female,High School,Single,62,-1,1,-1,-1,3,-1,5140,33155,94979,33537,85585,47916,38639,29428,23949,18660,8253,21521,0
113018,Female,High School,Single,62,4,4,1,2,1,3,49891,12382,3174,26337,66730,38305,10859,24321,41352,45465,46176,21358,1
163947,Female,Unknown,Others,72,4,4,1,-1,3,-1,82272,90775,56402,62247,81879,27205,10738,9085,2966,44274,11641,25333,1
231325,Male,High School,Single,31,0,2,4,1,1,1,64007,91192,70066,90301,28439,48349,11663,2806,29240,47873,21999,46429,1
545696,Male,University,Married,30,4,0,4,-1,4,3,21141,28852,14098,45493,43592,39399,40332,35047,44088,12745,22113,37551,0
45607,Male,Unknown,Single,48,0,2,3,3,3,2,49694,47843,55121,16576,45261,96400,1827,23460,30911,35369,12739,37261,0
71684,Male,High School,Married,27,4,0,-1,0,4,2,20628,53978,92650,34584,45652,26947,10027,38455,43526,10023,36054,44777,1
439497,Male,Others,Single,34,2,0,1,3,2,-1,26243,31130,33421,38035,3538,44275,31843,45143,7571,14216,15443,1973,0
547889,Female,High School,Married,33,1,3,3,2,-1,-1,62747,9188,39014,92733,19442,3963,24333,30259,19391,24961,14741,10900,0
658882,Male,Graduate School,Married,25,-1,4,1,3,4,4,81750,27268,45828,22409,3842,46197,45916,21116,49074,30107,15341,49249,0
797567,Male,Unknown,Others,71,1,2,4,1,1,2,82525,92342,95070,3856,90978,21680,7184,10440,39974,49679,34460,19460,0
688101,Female,High School,Single,62,2,2,-1,1,2,2,85565,46898,45567,94980,49951,58916,24256,48515,41152,34179,23658,26495,1
546201,Male,High School,Single,28,3,1,-1,2,1,0,64198,45618,81163,86137,39338,89022,48339,43368,41286,20581,15848,2206,1
20101,Male,University,Single,70,0,4,0,2,0,1,43770,24826,17639,81962,40464,95974,44896,49131,31202,16773,16740,86,1
159703,Female,Others,Married,21,4,-1,3,0,0,0,6937,30995,71535,86163,81639,20246,18557,2179,36888,9417,14466,9958,0
737444,Male,Others,Others,25,4,-1,4,-1,-1,0,55004,3462,90786,40185,4773,61885,30517,41136,20581,20022,16979,11383,0
637108,Female,University,Single,31,2,1,4,0,2,2,94239,95008,38511,74706,95277,2341,36477,35891,45272,3792,18008,39083,1
440086,Female,University,Others,72,4,0,4,3,2,4,44618,33804,67228,71291,57218,6747,129,5665,37605,17224,14260,3677,1
714345,Male,Graduate School,Others,63,2,1,2,-1,0,1,81141,87325,5073,87387,34646,72984,16016,40981,4025,42337,15288,25257,1
430431,Female,Unknown,Married,68,1,1,1,2,-1,2,52103,22173,67783,35745,44337,75476,1558,49804,37025,30451,37734,14570,1
794669,Male,Others,Single,30,3,2,-1,1,4,0,89642,48689,87541,28712,14586,99866,10453,3390,47390,234,26606,7645,0
596398,Male,University,Others,35,0,1,1,3,0,0,5493,95271,82535,11023,94651,80132,19584,8359,41845,49265,11364,45176,0
768175,Male,University,Single,59,4,0,1,0,2,2,97038,58496,-981,99187,81928,62409,13835,25637,3953,15317,42791,12784,0
29215,Female,Unknown,Single,67,3,-1,2,4,1,-1,96871,7982,48372,61919,42293,29627,36492,9064,18678,22463,3953,27045,0
756478,Female,University,Single,49,3,3,-1,4,2,-1,24957,94434,13160,-460,43180,82587,44088,1781,6317,3138,24444,8326,1
679384,Female,Graduate School,Others,45,3,4,0,2,-1,2,3117,71399,46378,7837,87153,87234,4693,7083,36235,17192,27877,28986,0
86949,Female,Unknown,Married,68,-1,1,4,-1,2,3,98057,17332,19155,20185,75918,70949,48401,25972,17416,5159,38998,38980,0
710843,Female,Graduate School,Married,26,3,4,3,4,3,3,11501,78525,39089,63889,57039,83568,25190,25207,1471,49562,2570,10437,1
762932,Female,High School,Others,31,2,1,1,-1,2,-1,188,20488,39344,22406,43807,70270,32605,17985,5113,28662,32391,39728,0
219229,Female,Others,Single,37,-1,4,2,1,3,1,46243,85063,31398,60630,26740,40596,21646,19265,31507,38452,16476,28682,1
413727,Female,University,Single,35,-1,2,2,2,0,4,31113,77483,56594,48054,5772,29786,45478,34631,7739,42020,10392,13156,1
656186,Female,Unknown,Married,36,3,2,3,2,4,0,55639,90547,60651,49840,96257,82499,26957,33489,1148,66,32166,27777,1
675918,Female,Graduate School,Others,76,4,4,3,3,3,1,65332,43209,47605,8046,38358,22999,16324,7242,24616,6546,12641,25310,0
500987,Female,Others,Others,22,4,1,-1,3,2,-1,79372,18232,63174,97708,13647,15518,49839,32389,22864,13985,25454,19855,0
534814,Male,Others,Married,56,4,1,1,-1,4,2,69681,97009,77242,51495,15504,27407,23684,11528,20140,8187,21087,5439,1
520711,Female,University,Others,39,4,0,1,4,4,3,54829,52685,69277,39579,5460,63303,44887,40621,31045,22337,40509,36033,0
527291,Male,Others,Others,58,2,-1,3,4,2,-1,49012,95521,29323,58821,5281,28501,39175,49394,44716,12169,34664,1968,1
536041,Male,University,Married,70,4,-1,4,0,2,1,72711,15545,89980,89631,21246,34280,37010,6905,15545,46131,25558,40281,0
429464,Male,High School,Married,41,0,3,0,-1,-1,1,66050,76640,27566,94877,35499,54257,44467,4638,40176,10665,35732,39859,0
295410,Male,University,Others,31,3,-1,1,4,0,4,14451,56847,36355,75668,45733,28045,10251,37140,11602,4304,31128,13939,0
598843,Female,Graduate School,Others,61,-1,3,2,3,3,-1,51086,12347,87358,33175,27491,91355,22343,31369,11158,34778,9302,33992,0
72995,Male,Others,Married,23,0,2,4,3,1,0,47393,1634,54752,8012,84511,87767,22407,25572,13303,16000,6354,40580,0
224646,Male,Others,Married,54,4,3,3,3,3,1,81418,4101,41129,6030,43536,23432,6198,36939,47836,48305,24452,33955,0
612565,Male,Others,Single,38,0,3,1,-1,2,0,75969,86686,48891,85450,46872,54697,30949,22866,23047,34656,24958,49158,0
473593,Female,University,Others,35,-1,-1,-1,2,1,0,369,24970,8982,72464,50566,25745,49107,21953,36564,31765,30290,34876,0
636633,Male,Unknown,Others,45,4,1,3,0,1,2,13068,16893,17587,97275,24416,28443,46201,27726,3447,16752,12002,15711,1
368255,Male,University,Married,74,0,2,2,0,3,-1,40658,17703,74711,11027,5635,43917,27484,47141,8276,1762,26123,21404,1
599690,Female,Graduate School,Married,70,2,0,-1,3,3,-1,7116,92362,52074,70742,18189,33000,27880,45373,28878,17377,35686,27108,1
264799,Female,University,Single,71,2,3,3,1,3,0,42687,21489,31185,92399,61929,43332,10401,48455,11610,17571,21508,29303,1
395891,Female,Others,Single,35,3,3,3,-1,3,2,91362,57098,82877,17565,10498,94832,34385,3501,12737,49528,13387,23582,1
182805,Female,High School,Married,50,3,4,1,4,0,1,42453,35767,53478,96213,59777,58024,38848,1186,43123,2,14339,25135,1
548706,Female,Graduate School,Others,37,0,3,-1,4,-1,1,30237,59186,80323,28290,87585,91021,45002,34149,4457,49835,21420,45146,0
264494,Female,High School,Single,38,-1,1,3,2,-1,-1,4364,80912,66325,24000,49617,4653,46638,47018,11151,27765,41390,38405,0
309329,Female,Graduate School,Married,51,2,0,4,3,3,0,64626,18733,79843,49703,58200,54078,1899,12616,10422,763,19927,25021,1
51745,Female,Graduate School,Married,70,1,4,2,1,-1,2,76622,75942,-416,32125,9427,68625,15138,48541,10915,48522,43419,1308,1
758777,Female,Others,Married,63,3,-1,-1,3,3,2,75925,92703,37946,10638,48555,24194,34802,18288,48455,24841,38880,34184,1
719147,Male,University,Others,38,2,2,4,1,3,1,15855,29659,35958,82514,95057,64519,44531,44626,2639,35250,2082,18289,0
717395,Female,Others,Married,75,4,1,1,0,3,1,91920,48543,46323,53280,5570,42748,13983,26524,25606,10921,13553,44170,0
359948,Male,Others,Married,55,0,0,0,1,4,3,52634,6951,94868,90122,23988,91021,22706,12225,40455,49876,36495,30482,0
440569,Male,Others,Others,33,2,2,3,0,0,3,53278,63417,73936,56540,57881,50996,40297,29147,13698,19224,5003,23684,0
383199,Female,High School,Married,34,2,-1,0,0,2,0,111,83693,10885,61580,52401,44638,7375,44487,13681,21730,35626,7782,0
129097,Female,Graduate School,Married,79,0,2,3,-1,-1,3,97901,33006,26023,8225,38114,62144,20357,1752,13050,18807,41243,38870,1
58302,Female,Unknown,Single,56,3,4,4,1,-1,2,57251,54864,20169,24437,7408,57040,27528,26313,27235,21765,726,20062,1
656849,Female,University,Married,38,3,3,1,2,0,3,59258,92060,90277,95774,80210,79283,29223,34722,47182,26989,16720,26129,0
742339,Male,Others,Others,25,1,3,1,2,0,-1,10408,-260,77816,81268,83733,26980,49877,21655,5902,13054,19986,29716,1
425651,Male,Graduate School,Single,34,1,1,1,1,3,-1,23002,92995,13469,27353,46606,26011,36271,33305,46300,2475,30666,6030,0
592016,Female,University,Married,45,3,2,1,-1,3,4,82274,76860,80340,47531,44854,25086,44487,18774,22211,38817,38851,35770,1
797670,Male,Unknown,Others,64,3,3,-1,2,4,1,76674,30099,70561,658,32573,88469,48631,26365,20193,42024,25161,44489,0
221929,Female,Unknown,Married,77,3,1,-1,3,4,1,75963,8727,6455,24150,50968,69498,8031,48513,30294,5997,18298,35333,0
154121,Male,Others,Single,59,3,1,3,2,2,0,75432,64904,62365,12315,26385,42278,25753,9382,9785,40192,41526,2583,1
591481,Male,Unknown,Others,32,2,4,-1,-1,-1,-1,66925,25533,9497,17203,24847,65393,28661,36704,14306,6786,6226,43232,0
700944,Female,Unknown,Single,60,1,1,3,0,0,4,14360,29408,65598,37649,54383,64158,11601,17879,32222,46181,46755,10811,0
338778,Female,University,Others,73,0,-1,-1,0,2,0,92762,64305,27976,38423,6420,92841,18724,31972,15017,21722,10557,46875,0
548967,Male,University,Others,73,-1,3,-1,0,-1,0,15847,14038,59698,62617,41147,62636,10675,38984,9312,11084,4970,22235,0
306649,Female,Others,Married,48,0,3,-1,-1,2,3,46565,49799,24101,19392,12806,52434,39307,20907,26257,21418,6822,23881,0
323485,Male,Graduate School,Others,55,4,0,2,0,2,1,16456,74759,74110,5043,3257,15403,45221,3370,1924,4465,34558,3918,0
504285,Female,Others,Others,74,-1,-1,1,0,3,0,69982,48061,46481,15867,91666,53609,28099,1259,2440,4946,2881,13869,0
584662,Female,High School,Married,21,2,3,2,-1,2,0,81393,25254,20352,-643,17696,1420,29455,5826,23397,10514,5543,6511,0
196773,Female,Unknown,Others,23,4,4,-1,3,3,1,98242,25722,70602,44440,33763,10218,23484,35798,36210,30789,7130,14116,1
185931,Female,Graduate School,Others,63,1,3,-1,2,-1,1,79239,18208,28661,23829,91269,39691,49101,4695,30737,41006,14134,35981,1
399347,Female,University,Others,70,-1,0,2,-1,4,-1,82230,59640,20784,40794,69531,80986,16784,32864,17591,3661,35629,3887,0
567466,Female,High School,Others,27,3,2,4,-1,-1,1,38959,85090,27682,32958,17126,29134,36978,12765,5582,2564,14339,1222,1
422545,Female,High School,Married,29,4,2,3,1,3,3,14058,54061,9914,29408,90454,2133,29022,46077,41021,4927,31186,46078,1
460470,Male,Unknown,Married,56,2,-1,1,0,4,-1,50492,19165,38606,25279,32923,59901,19715,32705,8354,43626,26813,5746,1
244162,Female,University,Single,43,-1,1,3,4,1,4,51672,92476,33755,28467,40353,98089,27441,25290,4647,17139,41022,19491,1
379517,Male,Graduate School,Others,44,3,0,4,3,4,0,68592,18512,68603,54131,87683,64370,37739,18878,14514,48063,9205,18897,0
518690,Female,University,Married,30,4,0,1,4,2,3,77391,74000,11315,40452,79423,46054,17633,4043,49019,34220,6133,21236,1
225101,Male,Unknown,Others,70,2,3,0,1,-1,3,55849,979,7877,94127,87867,39503,48613,13586,42043,6179,18188,45646,0
228438,Female,High School,Married,75,4,4,1,3,2,-1,61313,92809,96743,67945,6202,80671,4226,5139,13539,17288,3325,14432,1
638427,Female,Unknown,Single,68,-1,3,3,0,4,0,22488,5612,22038,75855,62168,49570,22791,32630,49390,2454,36466,28014,0
110290,Male,Others,Others,32,3,4,1,4,1,-1,80308,25763,11869,25696,61835,68226,22027,49736,43575,19871,5973,16175,0
510590,Female,High School,Single,39,1,0,0,0,2,2,87652,5022,11058,62612,82960,98851,34722,47530,10985,36828,6210,4983,1
181140,Female,Unknown,Single,52,2,1,0,0,1,2,97563,58750,10017,89373,47809,44231,23361,2897,14419,22188,17261,10389,0
68951,Female,Graduate School,Single,44,-1,2,-1,2,0,-1,66192,74304,68270,26578,12341,81278,41308,40296,36554,47515,36125,20522,0
359773,Female,Graduate School,Married,42,3,-1,0,3,1,0,93391,27055,87724,908,64410,46934,43478,2030,26616,44723,16515,17704,1
779212,Female,Graduate School,Others,23,1,4,2,3,-1,0,70449,59889,2500,97059,19640,562,41073,15669,11304,41738,37935,45968,0
438387,Male,Others,Married,60,4,2,3,1,4,1,64387,72368,91162,68182,24905,68922,6161,16977,41397,46994,15914,18750,0
673622,Female,University,Married,47,3,-1,2,-1,3,3,72509,16639,61650,55867,8838,17561,31929,34599,25104,13119,27228,2535,0
161857,Male,Graduate School,Others,39,1,1,4,0,3,-1,15975,60032,44098,78368,23275,51962,38229,14362,41064,23872,39852,22673,1
353367,Male,Others,Others,29,-1,0,2,0,2,3,41392,-701,70266,83297,5339,32246,9677,42636,47640,46152,992,12406,0
526857,Male,Graduate School,Others,79,3,1,3,4,4,3,12305,83962,53682,10586,58999,81567,1628,6599,45437,24120,38540,32498,0
579931,Male,Others,Others,71,3,4,4,1,0,2,75215,95190,67797,19720,99689,-737,7980,32879,40028,34369,23782,13453,0
208729,Male,Graduate School,Married,69,0,0,2,3,2,2,20961,82200,51995,69940,12449,88022,37006,28310,25814,29315,26335,20769,0
537870,Male,University,Others,33,2,3,2,2,1,4,-772,12028,69361,86878,75565,5646,31374,37238,28552,29084,2596,32992,0
647069,Male,Unknown,Others,22,3,-1,4,3,3,-1,80179,24437,981,625,46550,96439,46892,13626,32439,3843,27675,29565,0
784245,Male,Graduate School,Others,56,1,3,2,2,1,4,91891,3589,81567,96543,20813,75684,11875,25420,10456,48512,48797,40164,0
638292,Female,Unknown,Single,49,2,0,0,2,3,-1,82544,72669,52075,37186,77160,90673,22980,34941,24726,3675,2949,2800,0
574288,Male,Graduate School,Others,31,-1,-1,3,3,3,0,22474,61645,14876,90340,21659,25012,18882,3078,46453,12049,21725,1280,0
636880,Female,University,Others,54,2,-1,3,4,3,-1,2979,58917,982,36154,87312,46578,34763,1383,34561,33773,30071,48482,1
500424,Male,Unknown,Married,24,0,3,3,0,4,0,45343,79995,63368,70890,11068,79759,10301,39489,39724,231,25477,33289,1
11085,Male,Others,Single,24,-1,-1,2,2,-1,0,-261,18168,69791,33157,87562,17389,595,3970,25206,11845,5590,18002,1
463017,Female,Graduate School,Married,72,3,0,0,4,4,-1,18558,62845,75285,54061,76886,78889,17323,49513,48576,22960,40005,29834,1
202811,Male,Graduate School,Single,21,4,4,3,1,1,0,36817,71934,29214,16871,45471,51292,21798,5078,45477,49142,12629,11874,1
529362,Female,Others,Married,45,-1,4,1,1,4,3,50799,22092,93244,54653,25880,24483,46146,35579,29317,16230,65,17985,0
739541,Male,University,Married,46,-1,0,3,2,2,0,91182,11377,1019,8108,24847,31897,26670,47092,10159,18517,12894,2306,0
444812,Female,High School,Others,31,0,3,-1,0,0,3,37154,73839,57166,74869,33055,40897,35784,14006,24491,28412,3764,7822,0
520252,Female,Graduate School,Others,43,1,1,1,2,2,3,31272,90168,39839,82806,13802,19102,9589,21279,206,48157,44101,45626,0
482519,Male,Others,Single,22,-1,0,3,1,4,3,36339,45635,71516,33984,3944,81734,35637,13941,35590,18074,19177,28403,0
717548,Male,High School,Single,39,1,4,2,1,1,1,78796,99604,42524,82240,-640,93074,45715,47499,25409,17607,44292,46952,1
298969,Male,Graduate School,Single,49,2,0,3,3,0,4,5594,54402,50984,80840,62475,70385,15097,13624,44733,37738,43539,942,1
676273,Male,Unknown,Others,60,4,-1,0,0,2,1,12185,88889,8212,62478,82894,92493,42120,33673,27211,18587,34187,36699,0
222823,Female,Others,Married,75,0,-1,0,3,0,0,11572,79801,90193,23290,2464,64550,48222,24525,20705,47860,5477,42113,0
94269,Female,Unknown,Single,72,3,0,3,4,1,4,16569,81433,88022,13433,17610,12807,6381,33259,48733,9089,12645,26781,1
64895,Female,University,Others,24,-1,3,2,4,3,4,81509,7312,62642,96984,29607,74765,25371,13715,14114,47635,1415,36517,1
407648,Female,High School,Others,77,4,1,2,4,1,4,68753,83767,86911,97057,4044,68024,48959,47480,22633,7882,41335,24836,0
246641,Female,Others,Married,36,4,-1,2,-1,-1,-1,72184,61263,19592,68981,86545,45062,36898,41500,19531,26445,38192,4740,0
409319,Female,Graduate School,Married,67,1,4,3,4,0,0,16519,32885,31203,36599,99154,24282,30588,35654,37379,41111,6207,16373,1
794118,Female,Graduate School,Others,57,-1,-1,3,2,1,1,30953,56848,35443,9818,37700,98006,2917,12607,31667,31820,8369,48651,0
512532,Male,High School,Married,47,4,4,-1,3,3,4,18804,62494,59227,88737,58890,71111,27115,47328,12474,16555,16618,12419,1
339711,Male,Unknown,Married,25,0,1,0,4,3,4,75286,42951,33547,5984,9916,13272,4353,16839,40902,5524,761,16791,0
334857,Male,Unknown,Others,35,3,-1,1,0,1,2,64537,39629,90931,40360,92786,52283,10626,33418,47635,34197,36646,5272,1
224241,Male,Others,Single,43,2,3,1,4,2,4,16275,34006,52848,65286,84825,52994,4365,25888,3719,21241,21790,14617,1
592927,Male,Others,Single,69,2,4,0,2,1,4,72418,78567,81793,4594,68311,87080,26576,46563,44994,22201,1282,8758,0
491944,Male,Unknown,Others,23,1,-1,4,2,3,2,61068,66969,43610,61260,44347,54809,47970,19993,22478,19817,15826,15103,0
772183,Male,Others,Single,38,4,-1,-1,2,1,0,62344,24378,28817,78266,-183,78904,19502,41763,45703,35967,17647,47149,0
375747,Male,Unknown,Others,63,2,0,0,2,-1,1,77284,22393,85686,6171,1146,38260,23133,36152,18449,10090,28150,12973,1
88488,Female,High School,Others,46,1,3,-1,2,2,3,31601,6166,84348,95624,88694,4499,43701,37472,20764,32266,22087,44330,1
365049,Male,Others,Married,26,3,3,4,0,1,1,26575,66007,57635,84605,89292,83475,9145,32393,48429,17743,36381,34747,0
504614,Male,Unknown,Single,79,-1,0,-1,-1,3,0,51705,73554,86524,49570,22480,28317,26301,43800,43939,40200,37214,26528,1
275121,Male,Others,Others,64,0,4,2,1,1,1,54221,28616,10108,94350,31146,10178,42546,11254,13301,30914,37404,22548,0
245101,Female,Graduate School,Single,74,3,2,0,-1,1,2,31369,29771,8219,51923,31611,2939,18125,16102,27528,46837,23493,26582,0
326785,Male,Graduate School,Single,78,3,1,1,1,0,4,43617,16812,89232,61405,86875,95137,48943,42273,46823,16483,3383,20222,1
404484,Female,University,Single,37,2,3,3,3,1,4,57315,53026,24317,61653,85639,89596,2458,19029,49089,46643,19393,39908,0
588719,Female,Unknown,Others,66,2,2,4,2,-1,3,14317,14029,2881,9210,23234,80242,27468,23500,24569,19826,40043,13476,1
288900,Male,University,Married,58,0,4,4,3,3,0,55109,68842,41202,58380,3958,68210,39123,21813,6400,13196,27454,2315,0
686124,Female,Unknown,Single,62,-1,1,3,3,4,4,27318,12177,88365,41605,54417,26287,46000,2053,42202,26496,29,41060,0
200984,Male,Others,Others,68,3,3,0,1,0,0,40239,68317,19736,73541,15825,98957,7063,19898,10883,49738,49460,4756,1
680392,Male,Unknown,Single,70,4,-1,3,0,4,-1,86704,25601,55623,29825,56036,57357,36105,33077,26543,11159,9701,39564,1
760374,Male,Graduate School,Married,47,2,3,-1,2,1,3,17082,17701,58434,80241,58006,8154,6003,30617,18788,27780,18477,14314,0
711062,Female,Others,Single,40,3,1,3,4,2,0,61520,5688,10109,32791,57214,56916,11024,15191,49407,49407,49288,44404,1
677245,Male,Graduate School,Others,26,-1,2,-1,3,-1,1,10079,16390,87979,74237,26450,87601,17173,21384,27231,17104,17158,32,0
173935,Male,Others,Single,71,1,-1,-1,-1,-1,1,1884,98941,70185,91150,63557,90942,6458,5121,29969,18384,17982,14533,1
615302,Male,Unknown,Single,55,-1,1,1,2,-1,1,92397,89956,43741,79202,75227,11034,41259,32531,39245,35775,9646,8523,0
697477,Female,Unknown,Single,32,3,4,3,0,0,1,35347,36879,58056,69775,79167,94013,17705,22106,26412,13966,35371,20965,0
292469,Female,Graduate School,Married,68,3,1,1,2,1,0,71731,88369,91747,80748,62211,28737,47035,31493,40303,27203,2480,4215,1
410237,Female,High School,Single,23,0,3,3,4,-1,2,66787,77221,85928,83266,18596,-185,40423,39665,6140,31797,9038,16541,1
483937,Female,Unknown,Others,68,3,4,-1,4,1,3,69176,31492,60108,65391,58000,64496,2109,21878,22542,13696,24782,21329,0
789440,Male,High School,Single,24,2,0,3,3,2,1,17740,18671,71853,73894,66432,94832,13365,48373,32946,26865,19514,19072,1
63096,Male,Others,Single,77,4,0,4,-1,1,0,11815,48790,56937,49817,32857,38735,36214,9806,39005,22574,9421,25268,1
736764,Female,High School,Single,72,0,-1,4,3,4,4,64177,73220,75567,68574,-692,49362,15212,41782,21324,45170,49098,37812,0
678431,Male,Graduate School,Married,65,3,1,1,0,1,4,41891,26574,78499,41932,24168,51286,29145,9519,11658,37880,22858,28459,0
747411,Female,University,Others,24,-1,2,2,1,1,0,51566,70261,31003,62404,27419,53607,12399,16441,32795,18115,21075,31473,0
512827,Male,University,Single,24,3,-1,4,4,3,1,40968,10849,57749,19071,97173,81474,5085,34016,47089,1580,23052,43882,0
50058,Male,Graduate School,Others,59,-1,4,1,-1,4,-1,28913,50327,4508,82036,69029,86785,23820,26025,27320,35994,2796,7846,1
582551,Female,University,Others,41,-1,-1,2,4,0,0,77440,95329,36785,43328,11756,28496,14659,29897,14410,26572,33895,38153,0
232574,Female,Graduate School,Married,64,3,3,0,0,1,3,53860,30171,60155,52694,28288,77996,33386,16901,41013,4590,6502,34866,1
114820,Male,Unknown,Others,22,-1,4,1,0,-1,3,17462,98789,72658,-267,11384,76790,21274,18461,41280,18236,45907,5454,0
641933,Female,High School,Single,36,4,2,4,4,3,-1,34482,31651,23509,60127,38852,10957,9074,24726,36398,16465,48492,24709,1
709830,Male,University,Married,27,1,1,4,3,1,4,71483,5581,24497,95031,14195,63180,1703,6384,23287,3012,45610,30700,0
753186,Male,Unknown,Married,39,0,4,3,4,3,4,338,63767,13418,34689,85210,6852,40521,48898,27881,23576,43365,34895,0
499454,Male,University,Others,63,3,1,2,3,0,0,11782,52695,58383,43289,33125,65800,10987,36441,30467,5301,1287,29678,0
300367,Male,Others,Married,53,1,1,4,4,3,-1,84609,4221,42159,77345,-918,22203,29780,37917,13541,25773,21234,35153,0
775064,Female,Graduate School,Others,29,-1,-1,3,3,-1,0,5614,51900,68598,12686,72978,46678,44788,18897,5921,35880,25124,32354,0
293805,Male,Graduate School,Others,57,-1,3,2,1,1,0,-259,90081,45814,68034,73821,40853,25083,6608,331,39356,20329,45487,0
240119,Male,Unknown,Married,78,0,-1,1,2,-1,-1,29210,80663,71884,3717,50539,47362,22755,43244,34485,23946,46432,48792,1
434363,Male,Others,Single,37,1,0,1,2,2,4,65269,4032,6945,3854,82328,9364,10227,17778,33084,24491,36697,7762,0
563402,Female,High School,Others,47,1,0,3,3,3,2,12944,38194,493,99162,46803,83224,34185,18089,22628,5381,36031,20581,1
540318,Male,Others,Married,53,3,1,1,3,3,1,55991,35777,60517,13358,57825,26739,38926,42132,14583,46835,25382,4426,0
362195,Female,Others,Married,69,-1,3,3,1,3,1,806,79631,77235,20857,80036,61176,7148,18805,3551,34872,1927,29047,0
712789,Female,High School,Others,32,2,4,-1,2,4,1,12285,20707,82517,99817,59555,47834,35628,8791,38866,40494,27709,1474,0
236941,Female,High School,Others,77,3,1,2,1,0,-1,75993,86363,34196,80120,73826,80102,30900,31235,35685,42558,29905,13051,1
397900,Female,Others,Others,65,3,4,3,0,4,0,66289,29620,10187,3960,35496,37304,11771,19888,7792,17328,24358,5989,1
337759,Female,University,Others,76,3,1,2,4,-1,0,39126,70843,15696,35283,4294,93495,2385,18683,28892,24469,20365,40256,1
57577,Female,University,Single,31,0,-1,-1,2,2,3,79123,34896,96119,25576,43852,24814,925,20399,25938,8770,43059,9240,1
497800,Female,Others,Single,33,0,1,2,3,0,0,4857,36069,75170,90909,64858,15057,38989,39474,41107,9106,18129,49567,0
382580,Male,University,Single,51,3,1,3,-1,0,4,32792,70563,93093,17700,14836,79509,32996,47639,15348,46774,28984,29795,1
537254,Male,High School,Single,33,4,3,1,0,1,2,86684,58539,38454,42540,99361,17201,15389,44077,46978,24737,46358,38275,1
385982,Female,High School,Married,58,2,3,2,4,2,1,53361,81866,64539,50166,34828,48918,26997,6771,23847,774,12675,5782,1
538016,Female,University,Others,46,1,4,2,-1,3,4,35322,58337,40845,46417,47978,48724,29488,29278,42692,56,24490,46671,0
702664,Female,High School,Married,51,1,3,4,1,4,4,74507,67976,11380,99471,84620,52615,44216,16238,7574,23055,5971,18762,0
452493,Male,Graduate School,Married,42,-1,1,4,4,3,2,10908,545,20602,18412,37403,45480,22975,25010,35396,39994,18450,25237,1
245189,Female,High School,Single,26,1,3,-1,1,1,1,63627,44612,66916,96760,67920,37088,45924,2658,20957,25765,14656,12646,0
493546,Male,Others,Married,40,1,3,0,1,4,-1,62643,51659,16619,58291,8453,88668,37310,11891,14111,32648,41054,7293,0
666307,Male,Unknown,Single,41,2,2,1,3,3,2,20202,30480,72298,90255,24381,42292,6575,35091,31767,545,32897,49440,0
338274,Female,University,Others,30,1,2,3,1,-1,4,91228,31797,26854,3231,63542,93853,40104,35663,24432,30765,7272,35368,0
555702,Male,University,Single,39,2,0,-1,-1,3,0,69102,95480,44682,84068,57877,48902,27728,1531,12210,37674,39856,18109,0
103005,Female,High School,Others,55,0,-1,3,0,4,1,58883,27336,10225,6521,52377,83731,37661,11358,47986,42373,3268,14332,0
422655,Female,High School,Single,46,2,-1,3,3,-1,3,95555,79300,56083,63569,2664,22738,25809,30406,1209,6395,26529,38821,1
461436,Female,Unknown,Married,27,0,3,2,0,1,2,78558,56872,44628,10349,34864,84474,40194,15505,16553,14501,43267,31159,0
712145,Male,Unknown,Married,57,2,0,-1,1,1,4,42720,86067,34171,31768,88348,66954,43995,31623,42527,26991,33754,33484,0
309117,Female,Others,Single,28,3,0,-1,2,-1,-1,38662,64661,37789,94168,12871,67524,2596,45722,31157,45043,35878,19796,1
214390,Male,Graduate School,Others,25,4,4,4,4,4,4,26030,36676,55572,61985,72101,98158,7221,33549,31736,3388,19956,5323,1
733556,Female,Others,Others,64,0,2,1,3,4,3,38850,27432,77019,6611,69195,34618,25429,34193,20780,10821,23682,28598,0
255389,Female,University,Single,56,0,0,0,1,3,-1,84288,5642,89373,18012,24929,67915,38883,37696,15023,571,30873,46258,1
770520,Female,High School,Married,71,1,1,3,3,1,1,34397,51410,66905,87054,94640,29765,17507,2551,19819,18124,35368,20464,0
671449,Female,Others,Others,48,0,4,1,2,1,2,55094,40613,1467,48725,4730,64729,34388,28062,1877,48877,48448,11254,0
211926,Female,High School,Single,70,2,3,4,-1,-1,-1,89640,96651,31241,548,95834,45136,20358,10515,20436,36695,34937,31552,1
495357,Male,High School,Others,23,3,1,1,-1,1,3,19616,89061,41894,89297,88083,90689,14933,45381,35803,16731,18163,35128,1
39400,Female,Others,Married,59,3,-1,3,4,3,4,95474,45416,78143,12988,25359,93540,46654,33324,3248,17228,17140,26709,0
156477,Female,Others,Others,28,1,2,2,-1,1,3,64334,50413,33027,93729,54414,24322,34238,8704,10383,19049,33935,1946,0
389384,Female,Unknown,Single,35,2,1,2,2,-1,0,5661,39721,33822,60186,75003,53113,48319,11410,8714,4592,23737,3512,0
62763,Male,Graduate School,Others,73,2,3,3,0,3,-1,56029,23866,15917,13497,81534,10279,10653,6438,36320,31230,35362,8118,1
433425,Female,Unknown,Others,47,-1,1,4,2,2,2,25047,75719,99423,70581,90936,21016,15300,22902,32235,10691,21714,1351,0
214670,Female,Graduate School,Married,69,0,1,4,2,-1,2,38043,59985,16907,18876,69945,79615,29232,5786,21989,16599,47503,48378,0
682784,Female,Others,Married,71,1,0,-1,1,2,4,45442,95626,42146,25819,94385,23725,9848,36919,2706,39381,3104,47585,1
119955,Female,Graduate School,Married,56,3,2,0,-1,1,4,60378,75305,84377,89145,76481,72519,3110,13199,16219,43860,40094,19459,1
161628,Male,University,Married,36,4,-1,2,3,3,4,24943,9931,34357,6839,81078,21137,37409,6093,32668,8477,33173,20288,1
365281,Female,Unknown,Single,46,-1,3,0,4,1,0,33487,17077,36187,90732,80520,11057,19813,48353,2532,8052,2411,10539,1
746626,Male,Unknown,Others,65,2,4,1,0,3,3,73769,52796,71628,37457,28234,20281,7176,28691,49973,3059,27603,16911,0
668596,Male,Unknown,Others,64,0,4,1,3,0,4,68023,24895,38512,60976,-453,20716,8379,31902,36276,28797,32447,10845,0
734576,Male,High School,Others,24,3,3,3,1,1,-1,23559,67357,99244,9275,53284,5534,45663,23118,49346,32818,24738,46870,0
424407,Male,High School,Others,32,-1,-1,3,1,1,4,70380,51814,84656,37151,67436,58672,6788,5016,16849,38306,11003,11166,0
119602,Female,Others,Single,37,2,3,3,0,1,3,40519,96272,48224,33173,50417,37558,6282,39277,35793,34493,12838,13467,1
224529,Female,Others,Married,78,3,0,4,3,4,-1,90676,79290,83807,78985,7946,25965,46682,45056,48287,15410,8322,15793,0
372315,Male,High School,Others,61,3,4,2,0,-1,-1,10416,47793,45468,92800,81654,81593,5375,35728,2537,37334,19551,46436,1
334437,Male,Unknown,Others,64,2,4,0,0,4,-1,21859,62848,4357,42612,51943,35469,32403,21327,32867,11495,44015,22031,1
648412,Male,High School,Married,46,2,1,1,-1,3,3,86789,80754,90099,14960,96246,82280,18610,25828,8307,7857,10509,21544,0
256921,Female,Graduate School,Married,51,1,0,0,3,3,4,17184,43189,65881,3538,10020,10258,1340,41684,29051,43677,38568,42241,1
736589,Male,Unknown,Others,35,3,4,2,-1,3,3,26846,53346,8978,49338,3317,62580,41638,17690,27447,7826,43911,38253,1
620090,Male,High School,Married,72,2,0,0,-1,-1,3,94757,395,12616,27709,99228,76345,41575,49911,10302,13791,37650,29761,0
250324,Male,Others,Others,54,4,0,0,4,3,1,41771,51119,73759,1139,-477,2067,7983,21622,6275,4533,26988,46943,1
364168,Male,High School,Others,49,4,-1,4,-1,4,3,85995,2961,97273,34446,90622,91274,41809,14202,42231,19706,34701,3279,0
165194,Male,University,Others,29,-1,4,3,2,4,0,14498,34382,8422,35562,75474,33212,34775,16610,14730,26965,19889,23116,0
706584,Female,High School,Others,34,0,2,4,1,1,1,68798,87790,7602,18103,54076,11217,48411,31767,19074,48259,2979,13018,1
235612,Male,Unknown,Others,56,4,-1,4,1,2,-1,31914,16928,9497,46204,79195,20871,32088,8499,34202,16907,1346,15740,0
409547,Female,High School,Others,24,1,-1,0,2,0,4,51980,11093,49971,23432,7809,4179,45782,26093,1902,25230,11992,44254,0
752462,Female,Others,Married,79,2,0,0,0,3,2,44500,79238,88133,36370,14535,67889,27360,32054,35791,37369,2636,20320,1
383555,Female,Graduate School,Single,58,0,2,4,3,-1,4,33885,44457,46229,74954,80834,22165,8527,42804,13739,19337,30927,33812,0
52262,Female,University,Single,76,1,-1,0,3,-1,1,37215,90892,67628,95135,49012,86980,25379,5208,39581,18492,24620,14482,1
388358,Female,Unknown,Others,57,3,2,4,3,3,1,63320,6986,53441,76096,47951,55364,46661,7442,27351,42898,346,3439,1
116435,Male,Others,Married,44,0,4,-1,-1,2,-1,85934,25726,67127,19341,88412,4919,8554,43628,15685,33972,45769,16696,1
620602,Female,University,Others,37,4,0,4,3,4,3,28924,77196,55735,78382,21264,54012,6333,21132,18977,36850,20177,15948,0
724952,Female,High School,Married,33,1,-1,1,3,3,3,54099,52585,99806,5069,78114,80092,40407,7045,39286,22840,16199,41275,0
699286,Male,University,Others,40,2,2,1,3,-1,1,62113,71570,73389,73215,88821,77547,18405,49015,37707,28638,12934,43410,0
653606,Female,Graduate School,Others,37,2,3,0,1,0,3,-682,57400,90341,12293,60832,46602,46185,7624,37161,3334,43376,1890,0
402278,Male,University,Single,71,1,-1,4,2,2,1,76697,63619,57700,97582,78637,45662,2569,18163,7139,711,29029,13759,1
551816,Male,University,Married,47,3,-1,4,4,3,4,76859,12580,18476,99895,87266,82690,23765,13184,28967,9104,5000,20605,1
10068,Male,High School,Married,75,4,-1,3,0,0,2,4749,82016,71597,26554,26476,21294,27606,16969,28786,5710,41019,12192,0
709328,Male,High School,Single,53,1,2,3,2,3,4,97558,58225,80697,97658,50973,77272,47620,12549,14828,30351,18729,23362,0
363082,Male,Unknown,Single,41,-1,1,3,3,2,2,8528,204,66209,83162,52017,41662,11578,31973,7224,42694,47162,25071,0
500395,Female,High School,Single,37,1,4,4,0,-1,-1,20441,23331,90200,36667,14503,81114,38822,22091,44173,15977,15783,2028,0
576417,Male,University,Single,42,1,-1,4,0,4,0,7526,2583,92760,50632,10506,78532,48880,21826,39630,43096,37094,26668,0
264935,Male,Graduate School,Married,45,4,3,1,2,4,0,36161,80792,62575,97861,39994,61658,30202,12982,31371,33099,3766,15690,1
386140,Female,High School,Married,23,2,3,2,2,2,4,44,43099,95066,45106,15169,89686,14427,39697,10858,48558,33215,46019,0
235760,Female,Unknown,Single,47,3,0,0,2,1,3,77301,6539,59894,68022,17484,91741,24381,6420,38772,3834,31332,29582,0
71321,Female,Unknown,Others,47,1,1,1,4,4,0,17175,43379,77890,81081,79374,54006,37226,44770,34594,48945,40561,2907,1
545814,Female,University,Others,66,0,1,3,2,3,2,47887,55292,70538,87164,57723,21298,18469,4031,48205,8899,35183,32739,0
757812,Male,High School,Others,32,2,2,1,4,0,-1,50671,99342,6308,68080,93357,29556,19095,40210,33793,39978,36846,3143,0
773871,Female,High School,Others,35,2,0,1,-1,0,2,-39,86846,32267,84697,48588,36411,39615,39128,785,24996,45609,8919,0
494780,Male,Unknown,Married,58,1,2,1,1,4,1,68285,7223,78126,33973,77273,89500,31210,18231,45090,5804,37916,21774,0
692069,Female,High School,Married,40,4,0,3,4,2,3,50966,74696,97629,17376,99876,12746,5802,26813,31114,7733,3035,7574,0
117535,Female,University,Married,42,0,4,2,1,2,3,15973,83894,78265,49184,76707,99056,37997,37607,27865,33020,2324,42427,0
25063,Female,Graduate School,Others,22,1,1,-1,3,2,0,82908,30339,28224,84203,12920,32428,49295,44445,5186,9190,23136,9306,1
670083,Female,University,Single,24,0,4,0,-1,0,1,42393,63590,65423,59854,95341,20999,11841,7351,7236,14122,31422,1677,0
538501,Female,High School,Others,65,2,2,0,0,-1,0,37433,10522,75768,86936,15875,63712,15169,16626,48351,5827,30074,34811,0
242842,Male,University,Married,33,0,0,1,2,0,0,69077,92037,32696,69455,94814,29361,36036,38313,39369,19939,21310,7681,1
94946,Male,Others,Others,75,1,1,2,3,-1,0,29678,27014,59312,54126,61480,7488,42029,2100,33994,8484,24613,28540,1
623206,Male,Others,Single,52,-1,1,3,0,2,1,17344,43082,68939,98295,81441,37381,46651,9441,2640,27357,5825,31714,0
710577,Female,High School,Single,79,-1,-1,-1,1,1,0,44154,72834,13992,76934,61629,22354,34953,1737,36417,7552,40587,3114,0
33655,Male,High School,Others,42,0,2,-1,0,0,3,7846,51945,6990,87904,66450,15714,18921,31281,47400,47119,41248,46421,0
499100,Female,Graduate School,Married,45,4,-1,1,2,2,0,32846,64737,60909,21730,78398,5777,47505,10110,29617,49188,23502,4853,0
743350,Female,University,Married,47,1,1,1,2,0,1,69565,72492,43215,17167,1925,11041,6745,17776,38405,1444,21996,27419,0
153659,Male,Graduate School,Married,75,3,2,3,4,2,1,57802,6385,57998,53336,67826,12142,31443,8439,35971,22406,40704,40863,0
562359,Male,High School,Others,37,-1,2,3,4,0,2,15272,63552,81544,62178,42101,90396,15016,24027,9992,24288,39363,27462,0
133441,Female,High School,Married,26,2,4,4,1,3,0,47613,70543,95546,16568,18613,8270,13219,26507,40003,7793,14363,31105,1
369282,Female,Unknown,Others,63,1,3,3,2,0,1,88306,33562,3344,98972,95106,55067,47728,12300,7293,6677,12989,6599,1
321295,Male,Graduate School,Married,71,1,0,1,-1,3,4,12104,65944,50523,71369,60473,2866,29012,28960,42376,40629,47860,29446,0
536491,Female,High School,Single,36,-1,3,2,3,-1,0,14855,-84,20083,70360,62903,12029,22081,46418,24234,25498,38260,2341,0
154707,Male,Others,Single,28,3,3,1,1,0,-1,36524,64226,23634,58657,18961,37881,301,40552,30748,13268,14138,45012,1
193643,Male,Unknown,Married,53,2,1,1,1,-1,3,65455,52583,4116,-429,67107,98889,18549,28560,22322,10634,39472,17493,1
666504,Female,University,Others,30,3,4,-1,0,1,3,41706,72314,58660,36068,15616,1940,34528,9539,34729,6420,23852,27217,0
435915,Female,Unknown,Married,54,2,0,3,1,4,4,33526,70882,61781,19122,83572,13105,12438,13862,6947,4378,32971,22856,0
749979,Female,University,Others,39,-1,3,0,3,4,0,99135,34934,40646,-417,32984,93598,5286,49284,843,18046,39290,7408,0
363807,Female,Others,Single,34,1,3,3,-1,3,3,8363,15448,88547,60889,2539,93580,35422,32223,49145,998,31621,35841,1
401988,Male,University,Others,23,2,2,4,0,0,3,51430,52471,3610,56405,32289,63556,21251,11815,26216,28757,21618,21754,1
284357,Female,Graduate School,Married,75,1,1,2,3,4,-1,48511,35418,48684,20963,61076,21789,30466,1854,43269,4302,25619,38313,1
26944,Male,University,Single,76,0,3,2,4,-1,3,55738,13715,59519,80276,75562,12218,37860,43904,49916,7830,46063,43495,0
601011,Male,University,Others,61,0,0,3,1,4,3,78791,33783,60248,27364,83986,16886,6580,22434,42660,47666,18004,915,0
209741,Female,Unknown,Others,43,-1,-1,3,2,4,1,68346,24897,36265,70227,96558,16129,17015,37845,43299,18908,20220,16645,0
78947,Male,Others,Single,60,-1,-1,1,4,2,3,440,21698,2852,74861,10391,34380,48201,38108,7403,46822,36025,38282,0
175529,Female,University,Married,31,4,1,0,2,4,0,66255,40572,96222,88950,81260,508,12383,605,21013,6735,29024,47812,1
505927,Female,Graduate School,Single,67,-1,-1,1,3,-1,3,43213,7843,18788,4126,43906,66306,28963,45666,1604,32898,17521,35808,0
45191,Male,Unknown,Married,26,0,2,-1,-1,4,0,-445,30551,83575,91144,76666,76507,15536,13371,42229,45191,10753,4903,0
257129,Male,Others,Married,54,2,2,-1,2,0,3,76648,98691,99444,2762,7250,33729,34842,14976,12862,11609,8737,45603,1
532389,Male,Others,Others,21,3,0,2,3,4,0,66833,26442,6724,1786,48135,8787,15156,49283,45292,43177,45337,43954,0
261767,Female,High School,Married,55,-1,4,2,0,1,3,535,25696,48725,66078,20065,39519,4400,12680,11594,33954,25248,39009,1
82264,Female,Graduate School,Married,45,3,1,0,1,4,4,13931,86099,49717,77349,53785,2658,43877,45868,6506,37062,31325,23321,1
198996,Male,Unknown,Single,49,3,1,2,-1,3,0,70818,87518,45026,15417,97531,22361,25344,29252,33298,40903,25335,34740,1
436960,Female,Unknown,Single,43,0,-1,4,-1,2,3,93170,87399,8997,60305,5703,87529,48045,6157,2790,23599,9536,34942,0
456640,Female,Graduate School,Married,38,4,3,-1,0,-1,-1,43262,3763,48588,15294,50754,65001,32573,31193,36709,24373,31085,21274,0
491633,Male,Others,Others,34,2,3,0,-1,4,1,90021,26771,9695,67335,94376,82989,24780,30870,12414,11004,33287,28461,1
219409,Female,University,Single,37,0,4,-1,3,4,1,99265,96734,42422,82775,72854,24808,661,16045,25233,42477,8000,39490,1
479300,Male,Graduate School,Others,22,-1,3,3,-1,0,1,23587,85029,68125,71459,68966,12874,678,22997,49009,29219,20589,23698,0
436102,Male,Unknown,Single,51,0,4,3,-1,0,1,98283,4535,62442,99989,36621,21947,6363,29016,42824,49157,15241,9031,0
371990,Male,Graduate School,Single,39,0,0,0,-1,3,-1,32040,31519,398,49209,74159,39284,33067,49955,21617,49862,28191,40016,0
619251,Female,Others,Married,52,0,1,1,3,2,4,44543,11020,72227,5938,33936,58151,16641,44227,42128,2150,32306,44796,0
797404,Male,High School,Single,74,-1,-1,4,4,-1,4,88177,28745,47500,85421,29439,18432,19146,31263,5792,23226,29624,27889,0
371363,Male,High School,Single,48,-1,0,4,1,-1,-1,25573,29906,75479,94249,93071,68578,33007,21576,32723,14144,12967,28224,0
147693,Male,University,Others,61,0,2,2,2,-1,3,69680,34896,78462,42921,49460,85059,44505,20673,18870,26289,44574,16931,1
232621,Male,University,Single,28,0,2,0,4,3,-1,56262,85786,59273,3388,58469,3202,23707,45993,48465,20906,13246,45122,0
59738,Female,Others,Single,62,3,2,4,-1,3,1,688,10297,44817,70558,66129,37892,27088,36401,43415,12458,6467,11858,0
198766,Male,University,Others,61,2,4,2,0,4,4,82515,48689,60171,67163,93191,44205,37058,30264,14924,38576,38839,22113,0
286674,Female,High School,Married,79,3,4,-1,0,2,2,30803,56081,11113,6247,91142,6773,30989,32742,48295,31435,14347,29508,1
148426,Male,Others,Married,79,4,1,1,3,-1,3,15154,53183,29134,68179,14941,16671,5647,2676,19227,27994,1822,38320,1
229831,Female,Others,Single,60,2,2,2,1,-1,0,79659,58762,2266,21575,77088,7301,14064,1215,40557,7892,18408,3876,1
134750,Female,Others,Single,59,4,4,3,-1,4,4,22998,62573,5408,19146,23267,93957,39474,18861,26306,5553,15382,22265,1
455295,Female,Graduate School,Others,42,2,4,3,3,2,1,4786,25783,13842,21371,69313,79110,45411,15860,44771,19988,1184,36559,0
655171,Female,University,Married,44,0,3,-1,2,2,4,58059,80793,10136,91243,54590,31629,31195,2264,28618,27223,14599,19255,0
153622,Male,Unknown,Married,58,3,4,0,1,2,1,94825,45791,2497,50507,38876,52971,45620,31740,19622,28172,16763,40310,1
267391,Male,High School,Married,22,2,2,2,1,0,1,69665,29086,60415,25875,72974,50942,28979,969,38052,31145,32496,574,1
360340,Female,University,Others,61,4,0,-1,3,2,4,93450,88599,20340,12792,93631,27999,39539,39396,2689,7154,14760,1101,1
332529,Female,High School,Others,61,2,2,3,4,1,4,24777,94520,33742,93028,29507,98165,23992,600,44293,39907,8807,17759,1
515871,Female,University,Others,39,-1,3,3,0,3,4,67381,82957,95944,47723,77656,94644,33288,37223,14899,15479,33203,29502,0
669650,Male,Unknown,Single,61,2,2,3,4,2,-1,72984,40922,94330,82253,25057,73188,5642,22325,36100,20366,37785,38002,0
458250,Female,High School,Married,22,0,-1,1,1,0,4,54290,243,73781,84928,97314,82024,46698,9524,6954,177,1547,20332,0
260927,Female,Unknown,Single,48,1,3,1,0,1,0,26139,55269,88662,83393,95602,81663,3884,2716,40031,48256,25710,13816,1
396794,Male,High School,Single,52,-1,1,3,1,0,3,86254,41829,67070,70679,82926,17794,48385,12708,25956,10802,41411,6874,0
601346,Male,Graduate School,Others,39,1,2,4,1,0,1,48030,51282,55725,59901,61468,92904,35509,31300,31089,37281,15773,48281,0
68175,Male,Graduate School,Married,36,0,4,0,1,4,4,22581,20863,46018,17470,62180,45536,31649,17165,39818,41513,4355,14319,1
43329,Male,High School,Single,50,1,0,1,2,0,0,26993,31337,34985,18734,68065,69529,13481,1434,48848,44349,15157,20188,0
415544,Male,High School,Married,42,2,2,2,0,0,2,41048,98957,83255,12103,13584,73170,36300,14852,21645,7774,15710,45590,0
437463,Male,Unknown,Single,34,1,0,1,2,-1,4,11923,23688,52828,46728,56778,833,30532,37106,13057,16625,31571,20848,1
278821,Female,Others,Others,72,3,-1,2,0,3,-1,12084,6974,59341,89487,21632,32653,33418,14965,42150,28575,29879,38613,0
60357,Female,High School,Single,76,0,1,1,2,4,1,82096,8491,54547,66488,17673,14319,11036,25592,7870,42339,22702,36499,0
65812,Male,University,Others,21,3,4,3,2,4,0,21567,1304,88249,35478,2343,2604,2158,2702,17726,9788,711,23909,1
575904,Female,University,Married,65,1,3,2,2,-1,4,18481,28000,44982,49845,17950,4357,19035,27392,4753,40796,44649,20781,1
464500,Male,University,Single,74,3,3,0,3,1,0,96552,87840,83077,29766,99063,15257,43227,20375,7136,13749,21889,24271,1
452957,Female,Graduate School,Single,22,-1,1,1,2,-1,1,10422,10498,78712,43515,79600,27932,9220,8651,27982,46521,31304,44482,0
456694,Male,Unknown,Others,42,1,-1,1,4,4,0,66260,76874,18075,44240,20547,61736,9747,16189,25564,10196,7439,31636,0
195128,Male,Graduate School,Others,66,4,-1,3,4,1,0,95007,2814,18726,89183,96305,60719,46692,16915,44505,31127,28373,43314,1
494699,Female,University,Married,53,3,2,2,1,4,4,67164,89332,555,30288,52027,64415,40230,1977,48768,1300,47289,3750,0
317678,Female,High School,Others,35,2,-1,4,-1,2,4,54296,91755,15659,66310,99532,63413,24513,46605,49149,40691,27275,13124,0
220128,Male,University,Married,70,1,2,3,2,1,3,26875,28925,29966,36432,63091,55241,39806,11469,121,23862,38788,34067,0
598450,Male,High School,Single,61,4,0,2,-1,4,-1,16734,60224,24923,69595,46531,84141,41472,46828,2214,39441,41126,27641,1
163877,Male,Unknown,Married,42,-1,1,1,-1,-1,3,88645,77045,67625,21497,40227,596,16502,33058,41793,30591,39054,17270,0
118380,Male,Others,Married,60,2,0,1,1,4,-1,65155,36806,79279,27283,46683,58015,49411,6077,34837,44744,4588,26134,1
727833,Male,High School,Married,59,1,0,1,-1,-1,-1,50700,47793,72114,40112,55171,29733,5518,43435,10076,23027,18503,11999,0
157089,Male,Graduate School,Single,61,2,0,1,-1,1,3,12786,12365,99476,40688,9390,8757,40349,6614,12248,37055,7511,43945,1
466418,Female,University,Single,61,1,0,-1,4,-1,1,53395,94862,26967,75007,10879,8142,6277,49664,1962,14384,22674,31106,0
494075,Female,University,Others,31,1,3,1,-1,1,0,93170,35549,22185,74280,13935,75642,10341,34407,20407,39005,38225,21274,1
51423,Female,University,Married,24,0,-1,1,0,0,2,64171,33726,39492,68199,52629,83412,47558,8446,24983,21410,33876,39770,0
51713,Female,High School,Single,27,3,1,4,2,3,3,86463,49448,42027,59911,31574,24917,23613,37584,29153,26348,11130,22985,0
491072,Female,Unknown,Married,41,1,1,4,2,1,3,63763,38109,33594,11463,48666,96054,959,19021,6442,36573,19238,5527,0
608598,Male,High School,Married,27,-1,4,2,-1,0,1,74265,62615,86429,80914,82663,57075,49717,49202,47919,2214,19598,19841,1
798637,Male,Graduate School,Married,24,4,0,1,1,0,0,86773,8224,16754,87614,73657,68869,5936,799,18753,30973,42294,23941,1
325410,Female,University,Single,32,3,1,1,0,0,4,59922,69618,43507,37909,27507,32306,28678,9939,26738,24632,19824,44260,1
677702,Male,High School,Married,78,0,2,2,1,0,3,34301,85242,69858,5160,47555,48920,13155,27087,18703,16621,5826,36066,0
728550,Female,University,Married,47,3,1,1,1,1,2,59998,58949,20512,26682,98752,27301,23042,39410,40724,732,34487,11590,1
616151,Female,Graduate School,Others,79,3,0,1,-1,-1,0,58724,39069,4811,90111,15582,55057,18763,16620,5555,47693,2860,45332,1
686560,Male,Others,Married,37,1,1,3,3,0,3,57976,46043,33459,95401,25631,50273,11642,49623,1892,22547,41930,46947,0
148260,Male,Others,Others,40,-1,-1,-1,-1,2,4,20735,79911,38442,20405,17164,37321,41404,34972,39175,20273,44472,30422,1
398377,Female,Others,Married,51,1,0,2,4,0,3,99344,29934,25726,87790,85820,80193,19923,31017,10489,35592,66,43020,0
274952,Female,University,Others,46,-1,3,3,3,-1,4,82485,92295,63757,38076,29646,74462,16296,7181,46541,2454,24285,47300,0
285995,Female,High School,Single,51,-1,-1,4,0,-1,-1,19509,28526,75372,8326,19806,27967,18719,39027,15213,29487,20229,45670,0
484106,Female,University,Single,55,2,1,0,3,3,-1,93934,18612,8862,36510,58057,64549,9227,41098,47542,30689,25413,46249,1
206000,Male,Unknown,Married,29,1,3,0,-1,3,3,68804,82395,97340,84065,86633,69243,3044,47178,23893,22607,17310,2156,0
533047,Female,High School,Others,25,0,4,4,-1,0,1,34607,34175,82547,23527,53895,89302,48231,44055,1489,45265,3605,10615,1
418274,Male,Graduate School,Single,72,4,-1,-1,1,0,-1,43507,88463,34107,80622,46974,4993,34054,20885,29753,49919,49492,2794,1
548908,Female,Others,Married,68,3,4,0,-1,4,3,51540,42927,87080,40313,10284,51016,9650,18096,26628,11575,49253,31104,1
597283,Female,High School,Married,28,2,2,-1,4,4,4,39944,99549,13425,20777,12857,96700,10412,25526,36777,40936,11577,37011,1
499982,Male,High School,Others,41,0,-1,0,-1,3,0,38308,21073,33139,61382,84424,95361,34398,23094,15982,2424,24517,23210,0
570969,Male,Others,Others,36,4,3,0,2,0,4,11412,85257,32444,41262,39440,31137,31040,3796,26476,38951,49052,48128,0
486555,Male,Graduate School,Married,71,4,4,3,2,4,2,55399,5572,69608,85002,45106,68638,20411,20808,1821,49865,13239,3042,1
77703,Male,University,Others,36,1,2,0,1,2,-1,26150,2950,-748,35499,17951,104,48842,30370,27486,16469,33901,23079,0
733040,Male,University,Others,38,-1,4,4,3,1,3,70178,83578,9208,14390,20009,34580,19500,18083,12552,34784,21386,6892,0
773416,Female,High School,Single,67,1,1,-1,3,3,-1,57763,54301,83151,44581,88010,37899,38433,10328,17656,30585,46511,4091,0
314280,Female,Others,Others,76,4,0,1,2,3,4,74605,9006,54585,56853,13835,48803,14546,4110,30814,11678,26965,19618,1
232452,Female,Unknown,Married,48,1,4,1,4,-1,4,30832,39253,81680,16921,69888,24956,27530,19756,42846,5701,17211,33203,1
523795,Male,Graduate School,Others,38,2,1,1,0,0,0,65562,84203,84206,39860,91117,61774,13024,48445,11058,20098,10918,31521,1
360600,Male,University,Married,34,0,0,-1,4,3,1,68128,82216,38069,31945,41290,96187,29088,42843,8888,45699,37917,26033,0
93086,Male,Graduate School,Married,76,4,0,-1,2,3,3,65523,26731,55218,17760,17941,81721,49415,30897,10556,42231,48600,35140,1
701703,Female,Graduate School,Others,68,2,3,1,4,4,0,80453,33415,22218,39506,97727,52696,22828,38349,20598,15002,5091,10396,0
389673,Male,Graduate School,Others,57,0,2,4,0,2,2,6238,46813,32160,54983,31917,5428,38343,10508,19225,28389,49536,31857,1
290398,Female,Others,Others,60,2,2,0,3,0,3,72866,56703,75819,2243,27039,80177,23777,30366,43209,48356,32776,32879,0
333417,Female,Others,Single,36,3,-1,1,2,1,2,59930,73892,43502,94627,25089,9313,36967,8583,24325,18792,13263,35802,1
462827,Female,Others,Single,41,-1,1,2,-1,2,1,4650,39860,24006,2666,59059,3140,8412,168,44084,47971,978,38342,0
127574,Male,High School,Others,21,-1,3,-1,0,1,3,36264,21013,98300,81857,94278,82472,49485,27664,35132,29421,20107,5888,1
649135,Female,Others,Married,31,-1,4,2,0,-1,3,89753,2244,38916,18411,56247,1792,42284,19592,28320,22702,18474,9288,0
115547,Female,High School,Others,31,3,1,2,0,3,0,48588,88107,24667,82940,38833,67259,46564,42145,5363,6971,11368,5049,1
463218,Female,University,Single,22,4,4,-1,3,4,-1,16807,62440,89213,59126,76453,86496,42440,24556,16300,19235,26423,40128,0
547214,Male,University,Single,52,4,4,1,4,2,3,24712,76428,75427,22586,17254,66558,33203,45824,1117,34165,19486,25872,0
764719,Female,University,Others,74,3,4,4,1,1,1,61915,40462,46688,79168,82981,57774,23261,19893,32295,10157,20137,17341,0
467480,Male,University,Married,39,-1,-1,3,-1,0,3,53826,78413,79078,66510,91107,30041,42,23933,7447,36924,36512,21215,0
518237,Male,University,Married,76,-1,-1,2,2,-1,3,26865,21754,13414,57862,31611,26089,47313,16159,17196,1530,6930,4968,0
521500,Female,Others,Single,25,0,3,1,4,-1,3,89169,19588,63624,258,45827,-397,17349,20861,32805,774,34556,28662,0
361671,Female,Unknown,Single,23,0,-1,3,0,3,3,89811,61182,17564,18494,56272,71564,28682,28002,2460,7985,17626,41053,0
379531,Male,Others,Single,48,1,3,2,3,3,1,145,57687,4316,41202,58257,6150,215,13556,47054,8307,10199,19150,0
299707,Female,Unknown,Married,46,2,-1,1,0,1,0,86499,59723,43056,12528,12830,55048,11427,4720,20103,7342,41072,39593,0
175202,Male,Others,Single,43,0,2,2,4,1,-1,73836,22638,77295,83673,4696,89438,20704,18097,9046,30119,47835,667,1
797357,Male,University,Single,50,0,3,1,2,-1,1,85415,-215,60028,86714,65278,21346,30432,35280,44906,21631,36534,33282,0
585883,Male,Graduate School,Married,28,0,2,4,-1,1,1,54651,-773,27190,79544,30262,80478,2705,27837,10440,48132,6155,37057,1
140249,Female,Unknown,Single,56,0,2,0,0,3,2,5242,69483,60357,76400,35949,56130,16062,13834,35122,17733,11734,43061,1
550609,Male,Graduate School,Single,49,3,3,0,3,-1,-1,12832,6477,87353,97723,11425,67311,41732,39446,4042,46278,1363,27599,1
177820,Male,University,Others,33,1,1,-1,3,-1,0,63005,16211,41239,67407,43497,95054,20495,35446,49326,48358,11111,33579,0
705388,Female,Unknown,Single,79,0,0,3,1,0,4,89219,78430,35776,59589,56420,2639,29704,33049,44023,19231,28571,48336,0
288295,Female,Graduate School,Others,45,4,-1,2,3,0,0,58328,27387,71909,30432,99295,89702,31233,37694,15329,40782,43253,22091,1
86133,Male,Others,Single,42,2,4,2,1,1,4,78821,9217,61938,14202,20640,49590,27731,16813,49823,626,48377,22456,1
44187,Male,University,Single,66,0,-1,1,-1,1,2,93359,46488,47110,77637,98320,65386,8122,10820,33461,30028,39420,5749,1
53835,Male,Others,Others,53,3,4,3,2,3,2,73633,10556,47195,98171,72824,48591,8249,16005,8739,38729,36143,17862,1
272203,Female,Others,Single,57,4,1,2,1,3,1,46852,76104,35054,15238,81914,72336,29656,28924,5976,31143,12151,48207,1
504044,Male,University,Others,73,-1,0,3,0,0,0,992,25914,75409,10179,55093,71111,4946,21042,33890,46392,16251,22202,0
226789,Male,Unknown,Single,27,-1,1,3,4,-1,4,35890,24704,18012,89285,46150,42955,30207,21546,4368,45578,5632,25607,0
37235,Female,High School,Others,43,1,0,0,0,2,0,93326,21466,81458,29793,25111,93535,11881,48609,3023,23975,3432,3069,0
628496,Female,High School,Others,26,-1,3,2,2,4,4,28394,73018,78530,7004,36293,58009,4743,4632,8975,26798,16074,49502,0
77114,Male,University,Single,35,0,3,2,3,4,0,48957,18932,17164,20116,48664,83828,18227,43905,25785,27521,30763,18689,1
710726,Female,High School,Single,35,3,4,-1,4,2,1,82912,72224,5605,85047,17306,29249,49612,43277,41899,14259,38206,23592,1
663479,Male,Graduate School,Others,60,1,2,3,0,1,4,64353,64595,76254,85512,99001,20577,9160,44944,47664,10613,14942,23254,1
394033,Male,Unknown,Married,54,4,2,1,4,4,0,22880,37199,47109,30856,94896,16928,32068,19047,49245,19441,15653,47407,1
791345,Female,Others,Single,34,0,4,0,1,4,3,84520,27777,34116,99546,76213,29238,13521,41895,9522,5867,23036,34032,0
615871,Male,Others,Single,49,-1,3,-1,2,2,2,78077,18054,15145,77351,91672,43639,7292,10534,42721,29114,40456,41745,1
42160,Male,University,Married,36,2,4,0,0,2,2,27975,46192,20791,1488,17298,31001,7629,1688,39428,23589,5893,6734,1
776809,Female,Others,Married,49,0,2,1,3,0,4,60616,2339,15120,82432,3753,17199,289,22319,14176,11023,17733,30632,0
591190,Male,Graduate School,Others,43,2,4,-1,4,-1,2,3010,83709,22553,70152,71352,99580,27861,41842,21433,22391,29948,20290,1
221270,Female,Graduate School,Single,30,4,3,0,3,3,2,72811,97118,15362,31791,76704,59660,15791,43479,18605,28503,307,14639,0
651137,Male,University,Others,67,2,1,1,4,0,3,52510,59534,38865,99641,73374,65986,42080,816,19126,9211,9538,46614,0
107052,Female,Others,Single,75,4,-1,4,0,4,-1,35088,44955,84482,30027,32565,96989,22776,36634,1096,32506,13919,45166,0
662182,Female,High School,Married,24,1,3,-1,2,3,0,83425,91604,36849,11591,23652,91159,32246,32574,24575,2006,25442,10499,0
173233,Female,High School,Others,32,3,4,1,-1,0,4,39596,37316,69437,3726,87144,93951,25308,45935,29840,42522,7809,665,1
447715,Female,Unknown,Single,62,-1,3,-1,0,0,2,39653,86022,99608,3133,80676,70384,19960,33445,46743,9033,38504,14866,0
697246,Female,University,Single,54,-1,3,2,3,2,0,31155,55670,1485,54681,78628,23749,15450,10446,18487,34971,45766,3657,0
412016,Female,Unknown,Married,24,0,2,2,-1,3,0,5349,29641,58789,65280,87617,73826,39616,29803,4729,15064,29986,48341,0
59460,Male,High School,Married,40,-1,4,0,2,0,3,22347,60745,97952,62044,9875,82042,3782,13815,15229,31904,40823,20532,1
401568,Male,High School,Single,48,1,2,3,3,2,0,67598,18046,9461,85097,89853,75288,39683,27559,37067,28475,24093,47293,1
80975,Female,High School,Married,48,-1,4,4,2,1,2,68388,15585,56042,28813,47996,91154,45631,40000,20046,3197,31660,13952,0
550856,Male,Unknown,Married,26,0,2,3,4,3,4,61241,6087,78548,89105,32993,71820,4937,10506,40975,42669,40877,30186,0
179164,Female,University,Others,34,-1,2,1,0,0,0,53142,40430,29131,4940,96101,43738,10983,2446,49277,38434,46684,43151,1
596967,Female,Graduate School,Single,75,3,1,-1,2,4,3,12160,39711,51967,97353,4566,86272,30434,18272,31185,23790,42472,6903,0
75781,Male,Graduate School,Others,55,4,3,2,3,1,4,80858,92866,8743,22196,78139,17560,10230,1720,47893,42024,15296,38067,1
280574,Female,High School,Married,67,2,1,3,0,2,4,64923,42316,28447,5217,37690,75149,30886,26479,22381,45241,2283,16215,0
476935,Male,University,Single,78,2,2,2,3,0,4,45891,77556,1632,18433,44741,80470,31994,223,48555,18892,40320,27426,1
572980,Female,University,Married,21,4,1,4,3,4,2,71446,42543,23287,9934,56655,27907,11710,12952,44382,34486,31080,33485,1
40086,Female,Others,Married,39,2,3,1,-1,2,3,14758,3471,26108,53377,1646,78691,46265,33702,4174,30084,44984,2920,1
239334,Male,Others,Single,77,3,3,4,1,2,1,1003,60129,64057,72404,83651,69373,20442,34076,11764,11524,24518,33422,1
154973,Female,Unknown,Married,21,1,2,4,2,4,-1,24607,26122,98572,84809,40592,38101,44477,46265,21882,15765,20162,25707,0
276051,Female,Others,Others,33,0,3,1,2,2,0,37513,67659,99077,25198,28339,92884,31881,41185,39175,2593,25443,6328,0
239652,Female,Unknown,Single,28,3,1,-1,-1,3,0,89561,75869,43049,64373,35449,54463,18540,32967,35120,33466,1382,27798,1
38604,Male,Graduate School,Married,38,0,0,4,4,1,0,68083,50459,71556,43357,97718,47734,47529,48012,42471,7568,19998,36579,0
47869,Male,High School,Married,74,1,3,3,2,1,1,60781,37771,35395,46787,90654,58036,4437,48625,6883,24712,27438,32636,1
679897,Male,University,Married,55,3,1,1,-1,-1,4,24672,68326,67084,25363,89883,15674,44010,5074,4220,1225,23479,14437,1
677861,Male,Graduate School,Single,43,-1,1,1,2,0,4,40819,31036,98854,46459,52631,43891,3920,48130,28293,13180,9175,48515,0
788845,Male,Graduate School,Others,70,1,1,2,2,2,-1,78992,54087,17524,23019,38967,22892,14713,20377,24656,35470,24693,6111,0
653549,Female,Unknown,Married,72,2,3,0,3,0,3,64837,34878,37270,53927,42547,70129,1127,23456,42604,34972,35294,10919,0
440587,Male,High School,Married,46,3,0,4,-1,1,1,30603,89459,54160,84275,64463,46242,9182,39701,174,2228,47780,17465,1
386783,Male,Unknown,Married,61,1,2,3,4,1,1,85081,601,38190,24589,45851,73295,19870,49156,48252,10648,25794,12375,1
440037,Female,Graduate School,Single,58,1,2,-1,2,2,2,57265,10788,4846,62672,24062,86558,37495,49042,41307,4948,24203,27617,0
754092,Female,University,Married,40,3,3,4,4,3,4,39478,51929,84440,40113,58123,86090,42385,8471,10104,31696,17427,5363,1
397736,Male,Others,Married,22,2,3,-1,1,4,1,80714,20307,71661,10093,72068,83958,5509,40358,25966,20186,32029,10533,1
278217,Female,Unknown,Married,46,4,-1,2,-1,2,1,82752,26129,7812,70797,87327,31294,5481,3019,17822,3099,18889,3201,1
202077,Female,Graduate School,Single,77,2,4,4,-1,2,0,72778,62869,69943,84376,88229,59487,26033,38125,2925,28310,44774,6998,1
479313,Female,Others,Others,56,1,0,-1,-1,-1,4,6496,11712,96137,46940,7221,99607,36222,18748,6986,45926,11711,26663,0
290245,Male,Others,Single,45,0,1,4,3,4,2,85402,21303,3767,22792,14234,81228,23658,49278,31293,45667,24142,38099,0
514268,Female,Graduate School,Others,50,4,4,1,-1,3,3,27357,45515,72898,85186,7321,50290,30487,28975,4819,17922,35455,43719,1
434642,Female,High School,Others,38,4,1,4,3,0,-1,45252,15004,21028,51201,6945,17580,19641,10988,5371,41561,3156,16674,1
629165,Male,Graduate School,Single,27,1,4,3,1,4,3,30212,84698,17803,20027,4189,96309,35010,37594,4703,43024,16959,6960,0
279457,Female,University,Married,47,3,2,4,0,3,2,4887,92773,9971,82845,1374,-539,4867,3249,11984,31568,27921,38506,0
696133,Female,Others,Others,31,3,4,-1,3,2,0,82398,75025,79056,71381,68519,3732,9063,29108,23096,6978,11039,3423,1
69668,Male,University,Married,57,3,3,3,2,2,-1,33856,81099,88597,5810,10333,81565,16511,30356,22761,12098,33170,11358,1
364100,Male,Unknown,Others,28,2,0,-1,-1,2,3,5040,19349,47559,14228,64743,60957,38783,21541,16741,33313,8444,3499,0
736610,Male,Others,Married,31,-1,2,0,0,2,4,89072,45059,98242,34225,39907,21398,24681,44661,19781,38700,1629,24557,0
649375,Female,High School,Married,44,3,4,0,3,2,4,12440,58056,85850,71418,8173,74124,30111,25058,9280,38971,24352,45854,0
391595,Male,Graduate School,Single,50,3,0,3,4,4,-1,27371,56372,54504,25187,3302,51420,47455,19423,292,41143,48061,24188,1
626963,Male,Unknown,Married,50,4,3,0,4,4,-1,18724,92679,63481,3241,38679,44245,34174,20794,5443,49989,35477,21952,0
101634,Female,University,Others,72,0,1,0,2,4,-1,66879,47805,62486,18493,54842,92986,21984,27744,9182,17772,48492,17227,1
678942,Female,Unknown,Married,72,0,-1,1,0,3,1,6188,14685,63840,9729,25747,31639,26937,16,44362,14240,45724,47741,0
119119,Female,High School,Married,35,1,0,-1,1,2,2,98542,91145,78208,11549,-889,56067,44554,7083,2576,17841,21207,17297,1
679120,Female,Graduate School,Married,76,1,1,0,3,1,4,93632,40697,41991,37013,80102,44134,16238,37843,39046,11462,11523,20823,0
343935,Female,Unknown,Others,55,1,0,3,4,4,4,58580,75653,22995,23347,96238,74298,8182,29118,819,19184,30129,22051,0
354302,Male,University,Others,59,3,0,1,4,1,2,44216,87577,23448,36208,20424,48967,32736,45334,44450,36071,4043,32701,0
443525,Male,Unknown,Others,44,0,0,0,3,-1,0,71392,25009,94672,63772,82329,82825,9192,45507,20609,26029,35427,24280,0
39715,Male,Graduate School,Married,28,1,3,4,4,0,4,21044,18678,30088,39378,7897,7040,11623,10905,24313,44595,5241,20374,1
228400,Female,Unknown,Single,63,0,2,3,1,4,3,9620,35623,2177,998,37640,76895,40256,45661,6712,23670,16003,41936,1
511328,Male,University,Others,62,3,0,-1,4,1,0,19723,12369,26347,59270,13482,36666,12671,30382,14857,36054,46596,26668,0
360404,Female,Graduate School,Married,40,4,3,4,3,-1,3,40142,34519,14684,49283,89052,2204,5097,42771,27083,7489,41938,1200,1
669012,Female,High School,Others,61,3,-1,0,-1,3,-1,40503,92745,20735,33760,26355,32897,36880,26583,21072,17556,3816,23773,0
239030,Male,High School,Single,67,1,2,3,4,0,4,88011,98028,4100,24089,55145,45750,1871,45156,27565,15767,19110,18032,1
417244,Male,Others,Married,46,3,3,4,3,2,3,29243,73905,18268,26737,19583,95612,17473,47756,48729,1711,568,121,0
154875,Female,Unknown,Others,72,3,-1,3,-1,4,3,31860,41256,41691,64750,80718,42015,13173,6230,48004,38264,45598,4370,1
278451,Female,University,Others,44,0,2,2,4,4,-1,66951,77893,82192,37514,3857,17181,29808,32649,5751,25356,4105,41919,0
434541,Male,Unknown,Single,42,-1,3,4,4,2,0,3254,90006,78164,61782,96521,17868,16003,41429,29285,23871,45212,3815,0
330760,Male,Graduate School,Others,25,2,-1,3,3,3,3,75173,83419,5407,56947,10166,87143,5535,34092,5614,17412,35540,37175,0
654116,Female,Others,Married,35,1,3,4,2,0,4,23510,329,23054,55133,6498,23107,47004,36045,37402,45683,45196,47521,1
750158,Female,University,Married,56,-1,-1,2,2,4,0,71052,91586,39198,35537,36807,16072,27708,1624,20740,35018,4054,17736,0
470287,Female,Unknown,Single,57,4,0,-1,0,1,0,68937,30407,25532,49232,24423,92575,37307,7249,20028,48164,27262,21606,1
156004,Female,University,Single,49,1,0,-1,2,0,2,31122,50779,43447,93766,51095,44955,32057,25811,3207,4383,24261,687,1
418965,Male,Graduate School,Single,35,-1,2,1,1,-1,4,58317,77074,94120,74153,43180,21815,10722,16502,49054,7451,20382,26905,0
280871,Male,Others,Married,47,3,-1,4,0,4,4,84209,17834,82611,9461,40128,47948,3315,40071,2656,42028,32904,13556,1
196478,Female,University,Single,69,1,0,2,2,3,-1,28653,46303,27741,81394,87620,92122,43524,40708,17634,24859,21170,13444,0
551620,Female,Graduate School,Others,75,-1,2,3,-1,1,-1,42336,94282,8449,8323,98288,27478,1393,10196,42772,37445,30295,47774,0
498286,Male,High School,Others,28,2,1,1,3,0,1,62328,38825,20557,73539,98411,86921,27668,39288,26418,36256,25999,14103,0
414050,Female,University,Married,77,3,0,4,2,0,4,19822,76167,60609,46283,58911,61159,10937,2475,14158,28943,31162,37204,1
161397,Female,Others,Others,49,1,0,1,-1,1,0,71403,56017,25659,36040,56450,27897,17104,35535,49379,3212,37539,21,0
674573,Female,University,Single,39,4,4,4,0,-1,1,45944,42327,2905,7678,44940,29028,4326,42387,36666,916,17920,15973,1
524507,Female,University,Others,51,4,3,-1,3,-1,4,35002,68830,37814,13749,55584,29112,3597,49394,15096,25146,35092,40085,0
526529,Female,Graduate School,Single,29,1,1,3,2,0,-1,86917,41424,37848,84028,59049,54573,37727,37848,26881,27375,44715,18388,0
142475,Female,Unknown,Others,30,-1,-1,2,0,2,-1,16517,58536,93466,91734,9270,43830,40526,44998,30109,11430,42339,6712,1
329115,Male,Unknown,Married,57,1,2,-1,2,1,4,76366,82650,75026,81187,59962,51226,24020,32355,19257,30317,9124,12144,1
783559,Female,University,Single,30,3,1,1,0,4,1,9589,72685,54308,89896,3342,93752,28341,21106,44251,39037,12037,28462,0
457246,Male,Others,Others,74,0,-1,0,2,-1,-1,59117,46246,71220,84793,42933,67061,3880,28489,32720,12759,48781,33737,0
607330,Male,Others,Married,53,4,0,1,-1,4,-1,58264,59638,33872,75699,66089,92593,12850,46503,37907,38810,7260,3778,1
105195,Male,Graduate School,Others,45,-1,4,0,1,-1,2,33830,98427,8376,83321,66538,50169,21248,8207,6567,41580,39552,30684,0
672951,Female,University,Married,77,2,2,4,-1,-1,3,58544,22577,97740,85829,23488,35146,15143,37379,39324,29348,40071,8536,1
399288,Female,University,Others,74,1,2,-1,3,3,4,3627,31175,46881,26917,95279,92397,23057,40882,3460,14705,14446,26305,0
57830,Female,Unknown,Single,76,3,1,4,2,4,2,65004,62609,85245,59415,53101,43568,8481,6703,26968,25346,9259,49052,1
44370,Male,Graduate School,Single,24,1,3,2,1,2,3,65880,82949,12118,56328,44359,73779,46297,19166,35282,39499,27514,24461,0
482224,Male,High School,Single,73,2,-1,3,1,-1,4,24454,57587,28888,94477,421,93816,32700,6163,37052,30726,16594,3331,0
726921,Female,Others,Single,25,3,4,0,3,2,2,60806,2766,93827,16585,68010,89198,6243,48833,30312,11539,10582,4295,1
274340,Female,Others,Single,43,2,4,3,3,0,2,70634,38824,46460,86106,60755,62607,39060,4923,28015,49216,39272,22827,1
676451,Male,University,Others,59,3,1,4,1,0,4,31229,25056,91511,15660,52525,93920,15744,40970,5504,3698,48458,15962,0
221648,Male,Graduate School,Others,75,0,3,-1,3,3,0,20341,7299,56965,56650,24117,26015,44978,21523,22446,32969,27382,44567,1
730614,Male,High School,Others,25,4,3,-1,3,2,1,14375,35331,27289,94781,55462,72060,24970,8470,19553,4237,45563,19691,0
321406,Female,Others,Others,72,3,3,4,2,1,4,94642,56223,40594,54813,73516,79224,375,43902,17048,16334,24807,15073,1
671383,Male,Graduate School,Single,28,2,2,4,-1,3,2,51497,42866,26588,55593,43934,13350,39013,12620,21721,19553,17187,49691,0
30543,Male,High School,Married,37,-1,-1,-1,4,-1,0,48740,6849,99979,71936,73954,33045,38514,22050,47817,2864,18951,47999,1
463245,Male,University,Single,21,4,-1,2,0,0,2,90441,12771,54013,98441,56593,71302,21261,5520,46571,39128,18531,10485,1
497129,Female,Unknown,Others,74,0,1,0,1,0,1,64627,28604,34108,96704,11390,6353,18523,23305,29100,15326,39164,43020,0
181481,Female,Others,Single,70,1,0,3,0,1,0,61515,5035,90521,5968,21562,7578,18358,34853,14911,48713,15129,13265,0
604828,Female,Others,Single,32,0,1,1,1,3,4,884,79640,35584,66249,92507,47008,43418,17490,39507,5412,11042,1488,0
151035,Male,High School,Single,55,0,-1,4,1,2,3,77968,63520,57172,8240,93081,72203,4501,8223,2632,9349,1723,33053,0
679156,Male,Unknown,Married,72,1,2,4,-1,0,1,84041,72495,34049,41543,32299,-987,22548,14327,48699,39195,41091,5733,0
575260,Male,Graduate School,Single,34,3,1,-1,1,-1,-1,78738,2196,55615,35119,56902,55549,43639,25312,3065,32869,15595,48048,1
82613,Male,University,Single,68,0,0,3,1,1,4,74767,49337,70358,29038,98923,19570,22546,36376,34657,33144,22748,16496,1
629672,Female,Graduate School,Married,38,4,4,3,-1,1,4,39720,35899,24112,12100,16675,76304,46615,13197,46046,8397,43069,37201,0
612350,Male,High School,Single,30,0,1,2,3,4,4,8595,18459,90514,41794,84044,48155,26776,45100,47762,11916,25407,6926,1
275405,Male,Others,Single,75,-1,3,0,4,1,0,84623,64948,15037,47121,35881,92181,45356,24491,27694,15372,28337,43766,0
289190,Female,Others,Single,35,4,0,2,0,-1,-1,69018,92270,7996,8143,8319,31407,30571,35445,45278,43017,49883,26075,0
463652,Male,Graduate School,Single,62,-1,3,2,1,1,0,33749,73210,78860,58376,44207,2290,24988,293,17343,36431,8594,1563,0
297901,Male,University,Single,53,4,2,3,-1,2,3,12918,75687,76009,82144,2911,60282,6345,31063,24733,46246,22698,15827,1
680659,Male,High School,Others,39,2,-1,0,1,4,0,28984,35615,22066,86365,94908,39698,14474,27515,15406,22678,38363,46467,0
265456,Female,University,Single,54,1,1,0,-1,2,4,14813,7794,89963,81016,38927,57946,47127,12454,34775,33828,9809,13891,0
667262,Male,High School,Married,65,4,1,0,0,3,2,3466,23358,39865,68894,78261,78581,38923,16652,33489,21947,28685,24932,0
391003,Female,University,Single,45,4,3,-1,2,3,-1,33999,32849,48707,79745,98411,44759,22662,48321,7700,48469,49130,39457,1
780376,Male,Graduate School,Others,36,3,3,0,3,2,-1,57115,61603,7067,77737,37195,69362,15271,23457,23902,5124,269,20938,0
576687,Female,Unknown,Married,28,3,-1,3,2,-1,0,86701,93379,4341,67677,53422,68509,17762,25723,14654,41849,13365,8662,0
582618,Female,High School,Married,55,2,1,-1,-1,4,2,40164,88582,20427,91889,46561,26118,46283,37945,34022,29921,17538,19298,1
786343,Female,Graduate School,Single,41,3,-1,1,1,3,2,77777,72752,79694,76006,687,25218,23519,879,2345,17946,48737,35754,0
144918,Male,Others,Others,39,3,3,4,3,1,0,77648,7389,60667,15555,37755,25065,32022,49210,32872,19579,30468,15586,1
677719,Male,Others,Single,66,-1,4,2,0,2,1,89333,40382,25440,53005,19855,87507,710,43457,34429,45458,24284,14026,0
190448,Female,University,Others,31,3,3,0,4,0,3,73919,82061,80163,94133,27879,44018,28026,36659,13170,31658,32744,35388,1
602344,Female,Others,Others,64,3,0,1,3,-1,0,18699,55087,60693,29090,21065,61544,23845,49368,5418,33578,22020,11454,1
50832,Male,Unknown,Single,31,2,3,0,1,-1,4,10481,74781,87738,45335,15091,30498,4892,38468,17475,9250,6772,9333,0
161170,Female,High School,Others,31,2,3,2,2,2,2,69711,82040,78877,24476,11747,95612,35995,7649,41497,25836,35116,37171,1
651383,Male,University,Single,42,0,4,3,-1,0,3,82518,76895,66630,63775,35243,54529,17114,45572,27296,30163,42943,21043,0
639275,Male,High School,Others,41,3,-1,3,2,-1,0,30334,96184,18314,63004,47686,18617,22804,43271,22123,27122,38826,17422,1
715322,Female,High School,Married,47,3,0,2,3,4,3,58252,3527,42587,61473,83497,95430,40200,6384,6960,10038,4522,22951,0
360816,Female,Graduate School,Single,38,4,0,1,4,3,1,82462,55258,89365,73469,50684,58039,38960,21340,48723,4412,2163,28443,0
31157,Male,Others,Others,62,3,1,-1,1,4,2,7333,90905,2520,39305,19601,16770,41569,49885,31943,4398,46642,11742,0
451588,Male,High School,Married,68,-1,4,4,-1,0,1,78996,5693,48210,74650,33797,72079,17851,22334,34339,42085,15577,29791,0
29674,Male,Unknown,Married,60,4,2,4,1,4,1,64625,36671,31136,95808,93458,52944,34326,38116,35783,28236,4163,16438,1
566645,Female,Unknown,Married,58,3,1,4,1,1,2,93097,31823,51854,42657,5190,16581,43479,5571,7006,657,43750,25877,1
284722,Male,Others,Married,50,-1,1,-1,4,3,4,19790,87678,58065,98262,23148,17669,38025,39842,19830,32820,15172,45468,0
220121,Female,Others,Single,71,0,1,0,3,0,1,4490,77950,17991,30858,76471,80058,16613,10694,17813,45400,37254,40180,1
440645,Female,University,Others,65,4,0,2,2,2,0,47055,99567,4110,40303,43550,90099,23365,29657,15593,17492,14295,12103,0
450087,Male,University,Married,67,1,-1,2,1,-1,0,76240,56364,45270,2481,79116,18343,5524,12831,13819,33754,13737,39893,1
489742,Female,University,Others,65,3,3,-1,1,3,3,97163,92810,40224,61841,43758,49413,45412,32746,16625,22410,10853,3467,0
690859,Female,Others,Others,53,4,0,1,1,2,0,16593,79586,99011,6931,69355,16924,41500,15200,39854,8402,42926,1494,0
717564,Female,High School,Others,41,2,3,4,-1,0,0,36746,17378,59558,53694,4919,56049,2874,24949,18451,33543,26927,36901,0
726300,Female,Graduate School,Single,79,4,3,2,1,1,3,34992,16218,83213,7635,23793,93028,40789,48314,26454,9106,18810,3703,0
495731,Male,University,Single,22,2,2,3,1,-1,-1,36624,78808,34252,44252,95227,63407,6957,39872,31613,45238,16097,21249,0
227443,Male,Graduate School,Married,33,3,1,3,3,-1,2,88713,13526,50887,75643,67346,31066,19076,16348,40106,23823,21895,48267,1
637517,Female,Unknown,Others,22,-1,2,2,1,3,0,21623,79278,31583,58754,35183,86583,29198,16495,15575,33273,36951,49334,0
153274,Female,Others,Single,77,2,1,4,4,2,3,90471,41874,75251,68017,86872,62894,11261,10732,30563,36066,27253,34004,1
504166,Female,Unknown,Single,63,4,0,4,4,0,1,-852,98805,84375,21077,53585,70856,37992,35237,43848,26433,38679,28797,1
396125,Female,University,Single,65,4,3,4,1,0,1,14263,79831,32645,65953,716,40573,27474,30868,6887,30731,13964,12427,1
529071,Female,High School,Married,51,2,2,1,4,2,4,23449,80089,42664,86776,88817,79236,27983,21677,37903,20572,12912,41580,1
232274,Male,University,Single,30,0,4,3,3,-1,0,88619,43281,73274,72212,-711,28157,12711,11460,23834,43197,37976,48606,0
160362,Male,Graduate School,Others,43,0,0,1,-1,2,2,96138,85608,34230,71547,3697,78820,39534,48382,33068,48725,40946,30158,0
265672,Male,University,Single,42,0,0,-1,4,4,3,49577,68672,97095,54861,47099,93529,10090,23965,12452,11105,11116,36895,1
649424,Male,High School,Single,67,2,4,0,4,0,4,41314,13705,36261,16054,91855,52386,32771,11345,35596,19385,36660,234,1
160468,Female,High School,Married,49,2,1,4,2,2,4,12538,15403,96432,53565,62041,72039,12756,32837,44722,31741,46054,72,1
464064,Female,Others,Others,53,4,3,-1,3,-1,3,91517,16416,23365,54153,65145,51625,4759,38724,5377,48916,6599,29143,1
748848,Male,Others,Single,51,3,1,0,4,3,3,50787,40784,83135,95280,1353,10489,28201,14761,38475,49412,8646,22151,0
70530,Male,High School,Others,34,3,1,3,-1,4,3,66899,84194,47817,17668,15919,82209,37401,9617,28264,1951,23038,1789,1
205346,Male,High School,Others,30,-1,0,0,2,-1,3,64246,62376,60190,77284,84211,97527,7361,38842,35168,2370,19630,41627,0
652467,Female,Graduate School,Single,38,2,1,0,1,1,2,26508,10853,21331,40059,19141,77395,2567,2572,19542,38921,13222,36791,1
37122,Female,University,Married,31,3,-1,2,3,1,3,67643,27369,96058,50939,73484,10015,10177,34422,34317,48068,4304,12004,1
186507,Female,Others,Others,59,3,4,0,4,2,2,4628,46121,23805,30898,71693,83560,35917,49253,43878,41047,32689,10531,0
377758,Male,Graduate School,Single,67,0,4,2,1,-1,2,65987,-253,28374,98281,2849,12096,24211,22292,14256,22867,38200,31348,1
688627,Male,University,Others,23,0,3,0,3,-1,2,40409,42326,16811,47561,39837,24562,32577,9923,7965,11581,35618,47012,0
647559,Female,Others,Others,22,0,4,2,2,0,1,14180,38772,17083,91910,85750,78738,47171,38476,6902,27870,22007,11551,0
523888,Female,Graduate School,Others,74,1,1,3,4,3,-1,11377,81887,45610,86473,43851,65559,46946,34129,17261,2734,44297,35028,0
203050,Female,Unknown,Single,28,3,1,3,-1,4,4,42548,47409,11161,22836,36098,55156,39606,26828,15088,2256,14630,37030,1
672448,Male,Unknown,Others,51,0,2,0,3,-1,0,54003,68083,13403,59420,30033,24848,1357,30182,7009,35737,34489,31792,0
631642,Female,Others,Others,28,0,3,1,-1,4,1,51100,97247,71494,95778,34763,66315,22612,45284,19464,48745,18410,7388,0
399872,Female,Graduate School,Married,63,2,3,3,1,2,-1,19319,28011,52424,7911,77860,49852,21999,17506,3534,10502,47068,39702,0
547110,Male,University,Single,68,4,4,-1,1,0,4,29685,83718,24805,25035,10900,47548,26150,1957,11799,49130,17534,40224,1
715576,Female,University,Single,22,0,1,-1,2,4,1,22214,54757,93506,23993,22354,56151,1605,42919,7791,36045,34197,46959,0
730622,Female,Graduate School,Others,42,2,-1,2,2,4,4,51861,49956,99127,90216,1214,9426,45211,30106,9512,44528,648,25544,0
461127,Female,Unknown,Married,25,-1,2,1,0,4,2,95649,59022,9468,48696,11340,11536,7284,46009,30651,3969,33123,42987,0
142508,Female,Graduate School,Others,27,0,-1,4,0,4,2,82209,66559,10135,71496,90321,75887,27562,25793,21720,43677,2823,41138,1
465070,Male,Unknown,Others,40,4,1,2,2,4,3,48655,73128,56974,72080,15659,63556,49179,23082,14563,40688,8157,22698,0
383345,Female,Unknown,Single,48,2,3,0,4,0,2,96413,58762,89381,70838,13687,68519,45665,13331,19220,1488,15581,38885,0
360161,Male,University,Married,33,4,3,3,1,2,1,56103,62769,62135,21289,5553,79117,46029,35657,39081,26234,40311,2051,1
368149,Female,Others,Others,22,0,-1,1,-1,4,4,83067,30109,63699,30346,72874,47030,17736,22343,18501,43027,27961,20815,0
94403,Male,High School,Single,52,-1,0,2,2,4,0,8657,85352,19155,57116,16235,80306,3734,47783,42094,10807,44894,47047,0
378167,Female,Graduate School,Others,46,0,1,2,4,2,4,3520,25499,94027,24644,85443,6385,7531,46637,28673,43977,38037,44495,0
195024,Female,Unknown,Others,23,2,3,-1,-1,-1,2,35484,24944,65036,27279,73215,55746,33186,39907,30622,42091,22763,35708,1
32766,Male,Graduate School,Married,61,-1,4,0,0,-1,4,28577,96798,20990,94446,94608,21542,45077,1758,2717,34955,3934,11009,0
760633,Female,Others,Married,62,-1,0,2,-1,0,-1,46599,42280,72475,47638,43143,19223,41220,31913,24510,21594,21998,3628,0
424429,Female,Others,Married,76,-1,3,-1,2,0,4,29558,17261,20991,33341,73311,34504,18491,40849,22798,49422,7085,40402,0
366035,Male,High School,Others,33,1,4,1,1,3,1,94205,42647,45045,22903,87719,51558,43944,37109,23825,16047,46800,38231,0
163609,Female,High School,Married,77,2,3,2,2,0,-1,92374,57741,78325,99957,28287,83694,6306,40914,27167,9788,16650,42191,1
406010,Female,Unknown,Single,41,1,0,4,3,2,3,210,22345,18134,65076,68846,52784,48241,33239,47373,44486,7317,36466,1
462420,Female,High School,Others,65,4,-1,4,4,4,3,99491,9111,49464,33979,79863,24067,4291,28812,8381,45339,29486,34727,1
775192,Female,Unknown,Married,57,-1,1,-1,4,2,4,62807,15389,83073,64109,23140,9051,46124,35948,10961,16749,18264,34294,0
173396,Female,University,Others,43,1,0,4,4,3,0,72594,56929,36504,60943,93233,42299,14960,10552,36147,43491,17932,43137,0
66764,Male,Unknown,Others,27,0,0,0,3,1,1,51972,8713,-392,20927,29657,24167,9096,40584,14349,19435,33149,24223,0
565146,Male,High School,Single,37,1,3,3,3,1,0,42304,35646,43003,68356,58494,34502,34994,16482,44517,33551,34403,27648,0
52850,Female,Graduate School,Single,48,3,4,4,1,2,-1,97235,18853,78423,83151,13746,55039,40428,493,46797,43171,45561,30704,1
661459,Female,High School,Single,67,4,0,1,4,1,0,75999,8013,17047,24401,70427,97106,12612,29839,34337,39906,10476,6929,0
355161,Male,Others,Others,50,-1,1,2,2,1,-1,1843,2093,2294,50870,87114,66028,47473,2157,20309,25608,44618,3519,0
353264,Male,High School,Others,25,-1,-1,-1,3,3,0,78871,46544,91541,30701,89067,90687,46958,37347,17871,7159,7417,18079,0
756597,Male,University,Single,44,4,4,2,2,4,3,18834,75840,79709,72226,48494,-318,17162,42383,25143,38253,2637,22280,0
378903,Male,Unknown,Others,27,4,-1,3,0,0,1,92263,49009,21406,98326,6745,24204,22642,13127,20207,45129,47893,24374,1
512704,Male,Others,Single,79,2,-1,2,4,0,0,51670,97057,91823,3226,423,62159,31076,41465,3504,49389,5570,46839,0
711335,Male,Unknown,Single,54,0,1,2,3,1,4,71180,25881,84105,89808,46305,19866,27814,12497,2622,12075,21233,45079,0
206582,Female,Unknown,Married,76,4,3,-1,3,-1,-1,94775,29767,33299,65349,11059,45662,14450,8552,38287,42945,38818,376,0
691192,Female,High School,Single,70,4,4,3,1,3,4,84780,39745,46043,26003,23721,20131,11671,41113,29477,39826,26021,778,1
237818,Female,Graduate School,Married,62,2,4,1,2,4,1,82064,99854,28750,82003,78787,50392,1849,24491,913,48652,22329,38043,1
622114,Female,Others,Single,53,4,1,-1,1,4,4,51278,58530,35984,96571,94031,43714,47901,16004,13055,47337,32679,36111,1
165958,Female,University,Others,79,1,4,3,1,1,3,39428,32993,55536,57527,71183,97404,34711,16916,37997,1462,49172,14428,1
763290,Male,University,Married,47,3,0,3,2,-1,3,64553,80547,2706,53718,33679,93,40476,15719,21585,30176,12592,22376,1
673778,Male,Graduate School,Others,34,3,2,2,0,-1,2,70535,26132,10266,87601,96895,78021,41001,42971,27309,29787,28000,3595,0
657440,Male,Graduate School,Others,79,3,2,0,2,4,1,82576,40613,88179,67160,62638,9683,12861,35125,10864,9413,12891,14061,0
541369,Male,High School,Single,39,4,2,0,0,3,0,76933,55552,85422,4505,27277,84692,24218,31193,21781,29811,47910,14456,1
374860,Male,University,Single,68,3,-1,1,1,0,3,44386,74067,46544,12381,65875,40392,1820,43743,29052,18050,33777,18883,1
675474,Male,Others,Others,71,0,4,2,0,4,0,33055,69092,74382,6549,13764,4334,8632,46831,12597,11628,45500,47705,0
783205,Female,Graduate School,Single,58,1,1,0,4,4,0,15651,1717,77255,50149,70982,97840,29884,1969,541,39064,7779,13187,0
290866,Female,Graduate School,Single,32,3,4,-1,0,2,-1,32202,23538,85924,9203,15881,73046,47388,37739,37630,34424,47369,16970,0
359652,Male,Graduate School,Single,23,-1,1,1,0,-1,4,50187,41022,44116,57592,75676,80181,41063,43307,31983,33899,39908,7489,0
27985,Female,Others,Others,27,4,4,2,3,2,0,34265,37890,63213,55827,48942,62712,568,12628,9398,31247,19032,32177,1
409104,Male,University,Married,76,1,-1,4,3,2,2,38208,52680,84464,10928,7201,22900,41416,17018,24759,810,7824,31426,1
500899,Female,Others,Married,55,0,0,-1,1,3,1,37805,74336,45326,95295,23568,30107,310,2601,24105,55,14968,6744,0
392378,Male,Others,Others,45,3,2,0,2,4,1,39574,38407,68354,12457,30330,55660,34675,15639,40948,19907,45379,8801,0
249990,Male,High School,Single,69,0,2,0,0,0,-1,51360,22402,7087,36111,1816,41822,9899,25312,21118,23943,38153,10692,0
684659,Female,Graduate School,Single,35,4,4,0,4,3,2,98917,26224,47416,23587,32094,98831,3455,33375,13748,19046,49012,18867,1
116747,Male,University,Married,39,3,-1,0,3,-1,4,43938,62248,86629,58354,92678,23646,40100,39189,21073,3279,29757,46686,0
32036,Female,High School,Others,39,-1,2,3,2,0,2,88084,69286,65583,24312,81802,53400,4502,5258,42216,1533,47192,31226,0
266306,Female,High School,Others,43,1,4,4,4,4,1,47524,12820,42413,65045,17055,64979,43852,35833,14132,36779,15017,40252,1
750781,Male,Unknown,Single,31,-1,3,1,0,1,2,46515,99958,83580,5094,89849,47417,16964,7866,10943,17046,28332,15823,0
563634,Male,Graduate School,Single,79,3,4,1,2,0,4,87383,34837,96651,76994,17558,61038,6862,40021,20480,20229,6508,25927,0
385651,Male,University,Single,41,2,1,0,4,3,3,89852,82883,72466,37513,4235,62505,4055,30595,39919,30250,44927,108,1
298835,Female,University,Others,72,1,2,1,-1,3,0,70231,19978,80530,85736,98227,70210,40351,5570,31081,47403,11933,25101,1
639866,Female,University,Married,54,0,2,4,4,2,0,78173,12713,25838,69446,15161,869,27220,18569,36548,38735,12105,1498,0
290130,Male,Graduate School,Others,59,3,3,-1,4,4,1,78414,39431,60701,5572,52418,52800,18244,25572,8474,24291,44756,41909,1
693206,Male,University,Others,71,-1,0,-1,0,1,1,3886,30207,38034,36068,13547,41971,11876,43538,16255,12516,24960,31111,0
647696,Male,Others,Others,27,4,4,1,2,4,4,2771,70839,89875,8081,89032,26497,40186,7505,30888,15624,43522,47776,1
706761,Male,Others,Married,62,2,0,0,0,0,2,95183,5142,9559,86423,29908,94596,3291,1179,31608,39377,7536,21331,1
83728,Male,Graduate School,Single,64,4,4,2,0,1,4,58070,2755,56229,83872,45569,43311,27807,21086,9401,39048,22836,43354,1
508021,Male,University,Single,75,3,3,4,-1,4,-1,37672,65366,2408,26913,96188,81199,2943,31760,440,41199,2217,37685,0
584342,Male,Unknown,Others,47,0,0,0,4,2,1,45686,38342,22878,86616,53259,-230,12219,10112,45694,2004,16530,48773,1
179559,Female,Unknown,Others,70,-1,-1,3,2,1,1,46193,78229,17068,39378,55021,86482,42582,27807,32421,44729,28165,7428,0
412628,Female,Unknown,Married,43,1,3,2,1,1,1,79630,5121,45144,50896,73881,49105,26953,42292,49625,5434,18310,23245,1
615787,Male,Others,Married,58,2,4,4,3,0,4,84432,27304,60808,61189,1070,28000,23027,14416,40057,37014,3754,29581,0
716833,Male,Unknown,Single,78,3,1,3,0,1,4,90210,47294,98173,25084,88266,559,18274,19128,19163,36164,41039,33825,0
76553,Female,University,Others,40,3,1,1,0,2,2,43765,86994,26309,96240,71080,91609,29161,2260,5036,40338,29475,22696,1
539567,Male,University,Married,47,3,1,3,0,-1,3,45346,63902,31391,59681,32688,51598,48108,38888,48918,41312,6595,17752,0
279856,Female,Unknown,Married,73,3,4,1,0,-1,1,92095,98646,90025,67569,45611,43327,8471,3498,31657,4561,28113,24486,1
287961,Female,High School,Others,28,-1,2,3,3,3,3,23487,42704,54027,21418,21856,92659,33622,5478,20726,33831,17361,31889,0
719192,Male,Unknown,Others,57,1,3,2,1,-1,4,76111,88599,92243,41727,46574,5982,30530,5798,26517,47757,13866,14867,0
365760,Female,High School,Others,23,0,3,3,-1,0,2,82764,44258,88132,73860,16827,17824,5283,8097,12475,1395,38820,42631,0
409840,Female,Graduate School,Others,22,2,0,0,1,3,4,2924,33612,87647,31232,11699,97412,29676,49357,11547,52,19188,15605,0
432342,Male,Graduate School,Others,42,3,3,1,3,-1,-1,47469,45017,57974,65737,82695,8147,16781,15695,25132,19535,4390,32084,0
614955,Male,University,Others,26,4,3,-1,2,-1,0,93633,95081,81462,81168,72756,6078,15427,5380,38011,22054,9345,25503,0
702822,Female,Others,Married,59,3,0,3,-1,3,0,44938,22227,33971,7003,17676,84280,29099,18193,23417,35554,6012,3625,0
724036,Male,University,Others,60,1,3,1,-1,0,4,95045,57922,83855,25471,2703,84409,3503,25475,37110,14675,5883,47793,1
712175,Female,University,Single,56,1,3,-1,2,3,0,20265,64736,81671,61468,96193,64853,32617,41707,44437,33912,41572,21584,0
768315,Female,Others,Others,64,-1,-1,1,4,0,0,15918,81435,99415,53428,32593,97644,20854,31986,30032,2112,27506,41664,0
754271,Female,University,Single,44,-1,4,1,0,0,2,39345,70407,71812,23805,80547,36212,12063,32475,37822,13751,42770,12021,0
645318,Female,Others,Single,32,4,0,-1,3,4,0,70266,20834,90598,67211,94291,82994,23543,13164,42786,33063,19962,20067,1
651673,Female,University,Single,37,4,-1,-1,2,2,2,7476,30325,53851,74012,23714,44456,33399,27205,27932,27565,20548,16872,0
173597,Female,Graduate School,Others,42,-1,2,2,1,-1,-1,39755,85759,48698,18259,85372,62803,16272,43402,28651,47308,4651,11298,0
39030,Male,High School,Others,74,2,0,4,1,4,1,9861,28546,79122,73048,82082,80577,12984,49070,24570,37510,2956,23845,1
54067,Male,University,Single,39,4,4,3,4,-1,1,60130,87410,20345,39062,34301,21062,927,46804,6415,32021,38549,43049,1
518961,Male,High School,Others,29,-1,3,3,2,4,1,90241,25972,83477,48179,37380,44423,16087,29008,34662,39046,29171,8361,0
406008,Male,Unknown,Married,32,3,3,1,3,1,2,68677,64459,66107,42858,8551,76716,26241,42721,38227,2425,35974,44976,1
534708,Female,University,Married,52,-1,-1,0,4,3,2,39704,51383,38352,65045,94842,12384,41037,45836,26328,7219,49025,7150,1
497976,Female,Graduate School,Married,73,2,-1,0,4,4,2,61910,2696,56797,79099,17609,11128,37351,12566,3518,39779,49981,42552,0
29198,Female,Others,Married,51,-1,2,4,4,2,-1,28839,51445,50843,16024,91672,11473,27817,37696,38449,2627,37365,45923,1
711565,Female,Graduate School,Others,37,-1,2,1,-1,-1,3,56405,87921,8949,60980,68208,1366,17445,21533,21460,37573,41933,41525,1
92951,Female,High School,Single,43,3,4,2,-1,1,2,86781,17013,36542,84170,1160,26578,39478,5934,42440,16365,27992,42377,1
771303,Male,Others,Others,30,4,3,-1,0,2,2,53353,19402,77097,68283,56626,44649,15286,17322,29396,14199,25476,40123,1
80511,Male,Graduate School,Married,50,3,1,1,3,0,1,17767,36257,31827,50871,90251,14327,3361,21634,49797,24002,659,27943,1
626285,Male,Graduate School,Others,39,3,2,3,1,-1,4,56554,66552,93549,19287,797,66101,31277,45579,14399,8701,7805,24960,1
293475,Female,Graduate School,Others,46,-1,3,0,1,4,0,83367,61417,90529,24887,93248,57136,28842,37323,13704,7935,760,46967,1
289037,Female,Others,Married,46,3,2,0,0,3,0,84189,40126,87131,16802,10171,91512,21121,39306,1698,17845,30773,10837,0
205985,Male,Graduate School,Single,31,1,0,0,1,2,-1,7568,32743,82258,72135,90302,35969,5701,39324,19954,6920,41291,19519,0
28243,Female,Graduate School,Others,40,0,-1,2,4,1,0,41145,85467,89578,8650,46958,76745,49443,21652,45573,14261,33726,20560,1
549823,Female,High School,Others,74,0,3,3,0,3,3,26855,39073,6001,18843,98548,11929,16964,22636,36194,18383,28067,23307,1
466419,Male,Graduate School,Married,76,3,2,2,0,0,1,51650,16243,91422,53056,22453,9444,29093,30955,44664,34738,42718,16363,0
690849,Female,Graduate School,Single,65,4,-1,-1,2,3,-1,13379,19328,6948,29232,72429,7756,4200,38889,11416,1551,38608,19640,1
351358,Male,Unknown,Married,24,2,1,1,-1,1,0,67383,-791,96410,39080,19792,2453,31285,34218,45384,20235,4408,31180,1
646983,Male,Others,Married,67,3,2,1,3,0,0,88578,8800,83391,42527,930,47424,30101,5105,21169,16485,1855,23896,1
225958,Male,Unknown,Others,32,4,3,0,3,1,4,22830,64749,24295,41297,14705,41262,879,38404,4574,40851,27785,41197,0
285490,Male,High School,Single,45,3,0,0,-1,-1,1,23467,86817,24811,27268,83438,46292,1482,33971,33158,17844,16738,49005,0
713365,Female,Unknown,Married,76,-1,-1,-1,4,1,-1,57130,27007,40522,28185,61594,25326,31594,39820,47678,27422,5621,48614,0
236073,Female,University,Others,78,4,-1,2,3,3,1,32500,37550,40942,-654,-953,88537,10487,26448,12699,25309,35040,11632,0
656868,Female,Others,Married,30,2,0,4,1,-1,-1,53215,39170,59310,48268,-867,32025,7070,22528,17665,44052,47410,22826,0
347468,Male,Graduate School,Others,42,3,3,4,1,-1,0,60212,24548,58679,42418,46622,13788,6452,2191,15936,27010,37658,21216,1
697703,Female,Unknown,Single,27,1,4,4,3,2,1,22620,27375,28225,8612,86595,57939,28020,26254,29540,49684,27014,10124,0
253470,Male,Unknown,Married,44,4,1,3,2,3,1,44577,64839,49882,41814,10238,54373,5980,47378,16890,32859,3162,27737,1
374890,Female,Graduate School,Single,22,0,4,-1,3,3,3,99462,55152,19723,84002,34132,46,49466,24216,34490,1819,20264,30135,0
84783,Female,Graduate School,Single,52,4,0,1,0,0,4,58999,90947,72415,631,27082,5646,8800,45342,46999,17540,39285,2576,1
449179,Male,High School,Others,41,1,1,1,4,1,1,23195,89094,74085,66535,55305,50384,36693,43497,17341,4934,8395,34839,1
701332,Female,Unknown,Married,27,1,3,2,0,4,-1,43254,49012,58719,56211,52246,58938,43952,42625,38626,8696,608,19513,0
289103,Male,Unknown,Married,28,1,2,-1,-1,1,3,63383,84967,91874,14452,50689,52229,18970,38458,26310,30148,27256,43471,1
518102,Male,University,Others,73,2,2,3,4,3,1,27222,50007,82705,88189,39764,92696,2119,21208,39205,4936,8076,44009,1
361487,Female,University,Others,71,2,4,-1,4,1,1,3619,71487,33730,77105,21368,57984,24953,19395,49914,6868,33908,4284,1
175205,Female,Unknown,Single,58,4,3,-1,1,3,3,75039,76189,14136,39900,34239,25287,24709,40387,5596,43155,12353,36303,1
230826,Female,University,Married,41,2,1,2,4,-1,0,31287,33935,41148,21482,66970,80968,3245,24819,5949,9125,26754,39133,1
61150,Female,Unknown,Married,28,0,4,3,2,1,1,57928,70495,70501,98995,68871,89279,26392,41099,46784,27812,4874,16283,1
293878,Male,Others,Others,77,-1,0,4,3,1,2,51158,82553,67214,34472,80559,99157,37256,35216,30386,28985,4996,15298,0
551688,Male,High School,Others,45,4,4,1,0,3,4,19428,96489,87025,86460,84442,19125,35903,33492,6621,19088,21307,352,1
161074,Female,University,Others,48,3,3,0,1,3,0,65746,34242,61399,40170,83225,33836,31715,26140,43571,20702,46465,3122,1
396582,Female,Unknown,Married,48,3,3,4,1,0,1,10606,78391,42967,90802,86207,56735,6546,45219,2889,18493,8173,5207,1
632041,Female,University,Married,74,4,2,3,2,1,0,50138,85960,37075,66313,90922,70359,1136,16487,40545,31327,39003,30941,1
234540,Male,High School,Single,51,-1,0,1,2,2,-1,88393,99681,18507,79379,45270,25025,22592,36815,17726,29295,5196,47591,0
524497,Female,Others,Others,72,3,2,4,2,3,0,17132,25326,48475,34915,86601,31996,18135,62,5514,26999,7917,18415,0
381007,Male,Graduate School,Single,56,4,1,2,2,2,3,80094,91794,60027,94554,71979,35020,4961,34830,39983,43606,48379,35694,0
696235,Female,Graduate School,Married,45,4,1,3,0,-1,1,48909,84331,31081,7057,43014,97655,39312,28445,28656,45460,738,38593,1
166118,Female,University,Single,72,1,-1,3,2,-1,0,65454,52811,87122,17883,63880,99576,41249,19949,9828,7072,14183,4044,1
164736,Male,Unknown,Single,76,0,3,1,1,2,2,24695,68811,99098,48838,14665,19421,40355,26802,28085,24002,23871,45156,0
427669,Male,High School,Single,61,3,0,1,1,4,-1,7897,52537,1342,59014,39542,23809,14220,39352,23002,16773,10892,37388,1
539034,Female,Others,Others,57,0,0,-1,4,-1,-1,86974,56829,43360,20450,85769,56609,25914,15847,15281,41725,36491,1170,0
230581,Male,Others,Married,58,4,2,-1,3,2,0,20313,8552,9167,24505,35968,16241,15448,14646,31471,8539,657,15505,1
658053,Male,Others,Others,71,-1,4,3,1,0,3,67397,71811,61853,60457,22481,46417,47862,12264,7753,44533,23696,5640,0
416433,Female,Graduate School,Single,32,4,4,0,1,0,-1,52646,14485,98611,24890,69558,8068,43851,4833,8741,9537,19110,37685,1
335328,Male,High School,Others,57,3,2,2,0,-1,0,33575,32540,47303,50985,51644,63729,14996,20030,2005,32287,9301,21629,1
98898,Male,Graduate School,Married,57,0,4,1,4,2,0,90511,76505,65991,34013,45954,25834,39268,42750,27141,48191,22572,11825,1
635633,Female,University,Married,51,1,0,-1,1,2,-1,67185,49984,57306,32953,8145,68730,37741,14291,41718,48281,30335,26181,0
574821,Female,Others,Single,38,1,2,2,-1,2,0,3423,45113,25293,1464,98977,90756,17135,16513,49475,11197,24421,40074,0
174411,Male,High School,Single,46,4,4,4,1,4,0,41580,6605,1539,73111,49494,78235,36357,35783,7364,27140,2164,47030,1
300869,Female,Others,Others,26,-1,-1,4,3,-1,4,63806,98603,99682,45825,59835,50544,748,15825,10117,15754,41106,11125,0
739692,Male,Graduate School,Married,29,2,3,3,3,4,2,34210,80389,89986,28566,64506,67860,49516,5290,24686,8521,45015,5801,0
448596,Male,Graduate School,Married,31,3,-1,1,4,2,0,72175,23757,17589,93035,42064,42911,16650,34748,1823,44494,39570,48266,0
451289,Male,Graduate School,Others,51,4,4,4,4,3,4,1595,43865,11719,521,21954,60963,45461,38293,20005,36561,4631,24647,1
201945,Female,Others,Married,75,1,1,1,2,2,4,86057,61811,98443,16363,95872,38029,20205,1819,1138,38832,35997,2292,0
227972,Male,High School,Single,66,1,0,-1,0,3,0,44974,7337,2591,79938,38051,85871,20618,31768,34488,14427,20898,14977,0
137240,Male,High School,Single,76,-1,-1,4,3,0,3,44132,76670,20098,85097,91221,25832,42148,5107,49875,34013,37997,42193,0
182413,Male,University,Others,22,1,-1,0,-1,3,-1,68611,839,69250,68146,85167,432,22297,12736,23015,35005,31732,49345,0
273380,Female,Others,Others,79,3,2,4,-1,0,4,96777,81722,90657,70236,5574,-520,39577,26783,2412,24780,27951,29209,1
138357,Female,University,Others,49,-1,2,1,2,-1,4,74177,74726,91955,10462,31381,67506,35945,11480,13795,47873,23009,45387,1
286682,Female,University,Single,66,0,2,0,0,4,3,84862,52102,28603,72109,25039,33433,27406,37551,33534,12376,44598,28158,0
415187,Male,University,Others,77,-1,4,2,0,4,1,33539,16702,3667,50105,4331,51406,45926,35663,13119,24299,48264,28964,0
511817,Male,University,Married,71,3,1,4,4,0,3,53827,15359,72993,53698,29412,13265,17086,18140,11573,27578,5196,24611,1
634109,Female,Graduate School,Others,62,3,-1,1,1,0,1,49169,87038,72829,81803,82857,73144,9890,18711,43120,16746,33689,46607,0
486669,Male,University,Married,25,0,3,4,-1,2,1,60568,31514,63574,26103,89293,71786,48010,43088,9485,44402,21171,5197,0
572943,Male,High School,Single,43,4,2,4,-1,1,3,24094,76526,47100,15507,16458,-56,32968,19580,26943,16715,29483,32577,1
742382,Male,University,Married,56,-1,1,1,-1,0,2,83271,42218,23238,95783,13058,33820,28374,26793,4017,27544,28115,23572,0
595072,Male,Graduate School,Married,27,3,4,0,-1,3,3,41095,1940,88078,62101,34341,9542,16195,36421,37038,45763,22154,13958,0
394691,Female,Unknown,Married,76,3,1,-1,3,-1,4,83692,22953,63311,97829,34165,57323,47323,48717,23570,40361,40617,41204,1
178482,Female,Unknown,Single,33,0,2,4,0,4,-1,98215,60405,84893,47326,57425,72239,13144,44121,46282,6987,20413,3466,1
363126,Female,Unknown,Married,62,2,0,3,1,3,3,8007,71934,25110,9347,-582,90768,36309,10619,24512,46534,35746,11959,1
454518,Male,Others,Married,30,-1,-1,2,3,4,2,49125,37226,99573,87331,81559,58998,14040,13147,28797,47798,9279,48811,0
529328,Male,High School,Others,56,3,2,1,0,-1,3,41922,1052,83403,5099,50236,98755,7155,39022,9186,33189,27742,37980,0
424919,Female,Graduate School,Others,36,1,3,4,2,3,2,59210,54606,82133,74104,36357,75739,10201,4259,46546,8954,38545,5945,1
259526,Female,Unknown,Others,35,0,-1,-1,-1,4,-1,58754,43812,10184,3406,81278,42743,3505,33182,22781,21674,22925,32036,0
326256,Female,Graduate School,Married,73,2,1,1,1,0,0,12377,5305,85349,27037,82723,28922,16109,28670,34619,33016,23415,21879,1
21399,Male,Graduate School,Married,63,2,3,4,0,1,2,800,7407,24482,56178,36972,12965,36927,28826,27552,39092,2096,6319,1
22685,Female,Others,Single,39,0,-1,2,2,0,2,16192,-215,90693,3876,39657,19387,7080,6337,6910,11738,5572,45245,0
359921,Male,Unknown,Married,41,2,3,3,-1,4,4,53590,66171,41564,89692,48690,33354,13407,8146,3871,482,18576,27430,1
673110,Female,University,Married,76,3,1,1,2,2,2,36901,78815,14660,29871,68975,48541,28313,13787,14627,31508,12685,47067,0
453445,Male,Graduate School,Single,55,2,2,4,2,3,-1,-31,13272,79222,82913,55040,2728,23067,47788,19607,44435,29442,25791,0
617508,Male,Unknown,Married,35,-1,3,0,3,1,1,35847,9491,97873,95442,25794,57193,6653,31544,28586,44818,21150,49767,1
315262,Female,Graduate School,Single,68,1,2,-1,2,3,2,50031,76480,23479,43895,8905,88927,45306,43028,45254,11424,30424,20547,0
69615,Male,Others,Single,34,3,1,3,3,2,-1,80137,2109,63215,42760,65401,24394,26305,25598,9414,20798,38190,14659,1
614234,Male,Others,Others,49,0,1,1,4,2,4,35087,11515,98849,45306,91179,76835,45094,39020,40749,45586,25003,21658,0
262409,Female,University,Married,25,1,3,4,3,2,4,36473,36772,65444,74179,25926,5480,16452,33166,25516,28667,19472,25029,0
656157,Female,Others,Others,78,4,3,3,2,4,0,38379,21140,36230,15587,45052,50806,37140,20354,44211,28403,4176,44264,0
714875,Female,Unknown,Married,69,3,1,0,0,0,2,29655,71981,68619,75554,43228,93066,11383,41088,39129,42907,10423,34299,1
57342,Male,Others,Others,38,1,3,1,2,4,1,14259,32052,2340,3213,30046,46232,3018,26108,47733,39474,39378,14439,0
384160,Male,University,Single,71,2,3,3,2,0,-1,64923,43541,30829,9044,3671,68642,2653,22954,49969,9559,40006,20945,0
780893,Female,High School,Single,21,4,3,1,0,1,0,44814,1413,6039,86843,59971,83239,46171,35720,47936,8314,22617,48955,1
193256,Female,Graduate School,Single,47,0,4,1,-1,2,1,67025,17027,75946,43425,49187,96636,24916,16727,20300,17133,20047,6571,0
486463,Male,Graduate School,Single,47,0,3,3,1,0,0,51996,71771,6155,20376,23871,75656,8612,9616,7487,45374,34749,34543,1
787156,Female,Unknown,Married,45,-1,-1,1,4,-1,1,67426,8319,90125,21590,65962,37920,18659,33371,34838,34365,29270,49053,0
134939,Female,University,Married,61,2,1,0,-1,-1,3,44100,27048,38438,42403,92621,83854,34686,13606,8828,32221,48866,7136,0
298766,Male,University,Others,41,-1,1,3,2,0,3,98746,57613,72933,25628,91928,90258,33240,9782,48211,32156,43364,10681,0
579489,Male,University,Married,34,-1,0,4,-1,1,3,65258,29372,11237,88421,63140,95536,43095,30915,37574,25161,44480,47827,0
550638,Female,Graduate School,Married,72,2,2,3,1,3,0,7947,70871,99355,1192,75593,67041,3421,39804,6842,39156,48864,42109,0
171961,Male,Others,Others,73,3,0,0,-1,4,3,34018,92890,-998,20433,32460,87999,15999,37596,43336,8735,3217,20090,1
151296,Male,Graduate School,Single,40,4,3,0,1,2,-1,99890,48795,45794,83629,28171,79322,22313,22316,20059,5576,10294,5155,1
772620,Female,Graduate School,Others,48,-1,3,0,-1,0,-1,64461,63807,64860,29617,55745,72334,47293,6583,40629,8206,5816,23789,1
146537,Female,Graduate School,Others,41,1,-1,4,3,1,3,21510,63394,61703,30682,80772,63918,45922,2148,48866,26042,41106,46321,1
107739,Female,Others,Single,43,4,-1,4,2,4,1,10207,91890,37902,9250,32835,23253,14471,6044,31430,24337,37449,29563,0
234552,Male,High School,Others,31,3,-1,1,1,3,1,14073,39985,81524,31836,65668,8003,48452,49899,18909,34246,25311,21730,0
589502,Female,Unknown,Others,76,2,-1,1,4,1,0,77183,69343,20275,66173,57465,80975,34855,3356,29930,9574,31975,13714,0
236445,Male,High School,Others,22,0,-1,2,2,3,1,7190,13950,50734,5251,6612,73435,40585,5188,39467,43018,15827,29067,1
668304,Female,High School,Married,40,3,-1,1,3,-1,2,35855,70872,62261,55246,96360,13714,27934,385,2635,35042,25270,26713,0
34336,Male,Graduate School,Single,44,-1,-1,0,-1,4,1,36846,5524,31061,32006,8433,14861,24569,15811,22156,34929,46175,47358,0
572912,Male,High School,Single,75,1,-1,2,2,4,-1,7142,81945,34890,85966,95404,85038,41215,4233,23221,19992,7658,48059,1
54764,Female,Graduate School,Others,45,4,4,0,-1,3,4,91079,60174,88896,95598,-54,92960,20253,28919,12406,49755,6052,16466,1
500548,Male,Graduate School,Married,57,2,-1,-1,-1,-1,1,51470,37490,80365,39785,43107,2316,31666,6246,37927,4043,853,44340,0
55420,Female,Unknown,Single,42,0,1,4,2,2,0,60805,49220,18498,97594,615,77595,26019,1735,259,40022,247,43539,1
492974,Female,University,Single,79,4,-1,3,1,0,1,91412,40898,76003,5464,77387,35257,7996,18941,19380,29264,46604,37704,1
114381,Male,Graduate School,Others,44,1,2,-1,1,-1,0,78949,35866,64882,66344,72790,19710,41498,13686,24192,46329,15429,2074,1
599959,Male,High School,Others,35,0,-1,4,2,1,2,-232,14265,12369,9281,86635,53433,30437,37590,41025,19876,22876,24121,0
641884,Male,Unknown,Others,32,2,4,4,1,3,3,26255,74200,44114,49106,54221,79737,19771,33946,15733,30929,37305,4474,0
145105,Female,High School,Single,66,4,3,0,0,4,2,40946,92759,59071,94429,32161,16577,131,14422,28653,27574,10495,42884,1
30497,Female,University,Others,51,3,4,1,-1,1,-1,4557,28830,12997,93840,31598,69530,19299,33647,15593,11784,42369,48457,0
89714,Female,Others,Others,63,-1,4,3,2,4,4,42319,78138,42518,99234,90638,6506,13028,17889,12316,9196,27128,31112,0
136892,Female,University,Others,51,2,3,1,4,-1,2,92156,9517,23686,44040,88454,56121,36142,38065,48948,6754,11963,32588,1
213154,Female,Unknown,Married,73,1,-1,1,3,4,2,17691,81095,97326,7998,74229,66033,34799,3657,16032,46627,2463,8572,0
774227,Female,University,Others,50,3,-1,3,2,4,-1,98693,7095,61891,13517,79690,8442,34693,10497,34434,27704,14654,636,0
153954,Male,University,Single,61,4,3,3,2,4,-1,53463,46385,84736,53282,-612,57216,34769,16656,25235,47441,9177,799,1
682305,Female,Unknown,Others,40,0,2,-1,-1,4,3,75309,49295,74691,41866,48739,1410,4377,35663,45955,29396,6473,32693,0
259720,Female,Unknown,Single,28,3,0,0,3,1,3,9263,21277,12074,21969,78437,25154,23019,35863,48721,17198,40079,27131,1
683955,Female,High School,Married,64,3,1,1,-1,3,1,51142,88261,17091,99980,28307,73202,26903,17990,21383,8723,21750,49434,0
225363,Female,Graduate School,Married,50,1,3,0,4,0,0,77922,84430,5715,14783,72205,96188,11763,35215,28117,33526,3134,20693,1
107847,Male,Others,Others,55,-1,-1,0,1,1,-1,86917,95714,37821,30107,99875,20515,5494,39264,49512,49157,48809,25755,0
205110,Male,Others,Single,41,3,1,2,2,2,2,79794,52214,19199,44631,56623,51718,11563,27427,5714,41544,4000,33384,1
252303,Male,Others,Others,67,3,-1,-1,-1,3,2,24993,39565,89858,2759,87628,62446,28557,1324,6043,36444,16173,2088,0
368278,Female,University,Others,60,-1,0,1,4,3,3,11324,65486,65050,13789,96460,84968,29580,10249,40520,17918,7670,20257,1
438665,Female,Unknown,Single,78,-1,0,4,4,2,0,91981,47882,54439,93181,59816,38695,33433,20286,7522,45852,9612,25604,0
775625,Female,Unknown,Single,48,0,3,3,0,-1,-1,61432,52822,2039,74346,91096,14421,29994,23594,11553,29027,21280,1044,1
421855,Male,Unknown,Single,59,4,1,3,2,2,3,25162,920,4861,12214,63885,20008,23082,19506,43078,2266,49274,17029,0
739988,Female,Graduate School,Single,37,0,4,0,4,-1,0,69203,8876,64032,69657,91393,87601,18030,26730,28509,2414,23257,17324,1
81918,Female,Unknown,Single,32,-1,1,-1,1,0,-1,31383,20996,51008,28482,44241,94788,12758,18113,36528,45944,41645,45297,1
445926,Male,Unknown,Married,72,2,4,-1,-1,-1,2,19786,5419,83261,31472,51137,37785,4507,38122,29784,49712,1661,29602,0
195123,Male,University,Married,70,-1,0,1,-1,0,2,54357,8160,56668,73536,20014,54952,1163,2894,8368,20843,7482,30825,0
201711,Female,High School,Married,38,0,-1,1,0,0,3,74954,30706,38104,47187,33198,62552,2925,27939,6170,34086,19259,49494,0
13159,Male,Others,Single,67,1,4,0,1,4,0,30259,37940,35130,30087,13309,6005,23217,48896,40896,2552,29007,1666,1
339132,Female,University,Single,75,1,4,0,4,4,2,47879,37698,35258,-59,28925,52737,31668,47563,9504,22704,23275,35232,1
642027,Female,University,Single,48,4,3,0,0,2,0,30651,68344,29691,98642,15176,30811,24055,34729,39751,38186,29532,37,0
290850,Male,University,Others,23,3,2,2,4,0,3,78591,43275,89068,321,85911,96887,14395,12616,31536,46363,12092,20815,1
413078,Female,Others,Married,71,1,0,-1,4,-1,1,60080,46424,67714,82574,69603,91731,13494,31928,29246,19244,34931,47576,1
361161,Male,University,Married,35,0,4,0,2,1,0,73659,36506,22815,62467,96679,73722,29090,37630,20383,39488,19222,43120,1
306680,Male,High School,Others,36,1,0,-1,3,4,4,38756,21879,84244,44972,17422,48920,37820,19059,44007,31537,19844,49402,1
343776,Female,Unknown,Others,42,2,3,4,4,3,0,12755,78140,90674,67604,19517,24120,38681,18323,8722,33845,40020,21391,1
768849,Male,High School,Married,74,-1,-1,3,-1,3,3,74270,19773,82464,85658,53503,69610,12190,29149,47381,21823,40567,27992,0
480607,Female,Unknown,Single,69,-1,1,3,4,-1,4,47704,78344,86771,38361,27514,8123,45963,49165,48102,2526,13475,16647,1
466102,Female,Unknown,Married,51,0,0,-1,0,4,1,99296,77570,24101,40354,1215,23666,8924,47993,11609,48669,33322,22911,0
483212,Male,University,Single,51,3,3,4,4,1,2,43666,2884,94126,65327,84276,85253,14212,45782,44610,32501,11399,38654,1
306081,Male,University,Married,21,-1,3,3,-1,0,-1,88123,98036,85553,59977,15486,46565,31970,49897,34029,33489,40693,31506,0
31094,Male,Others,Married,31,1,3,3,-1,4,3,38661,82501,74477,46191,89256,18352,40079,47283,5282,42204,27865,25990,0
135312,Female,Graduate School,Others,26,2,1,3,0,-1,-1,76277,30803,24416,54828,73482,30626,12948,42970,19270,5801,4008,37873,1
114894,Female,High School,Others,43,3,0,1,-1,0,1,18528,19063,83185,9136,11249,92189,32794,27189,21326,22437,1816,34389,1
780434,Female,Others,Single,29,3,4,4,1,4,4,87802,19236,73440,14747,22187,95825,24295,14640,28964,31957,7539,18137,1
651406,Female,Others,Single,72,3,3,1,1,2,1,22854,30262,40026,65279,52613,1659,19054,4570,21531,1345,47337,25137,0
693284,Female,High School,Married,36,-1,1,-1,3,1,0,80242,50579,24336,71060,38064,-367,5627,40477,45960,745,15474,38276,0
665483,Female,High School,Others,78,4,-1,-1,1,3,-1,61236,81243,4260,78402,70998,14716,33651,35714,24354,13326,49340,9957,0
517146,Female,Unknown,Single,58,3,2,2,0,-1,-1,41494,69717,12657,38342,41790,90336,5910,45579,15983,8124,33988,20540,0
343589,Male,Graduate School,Single,64,0,0,1,4,3,1,80412,59336,28079,64046,76437,16632,49278,35950,38639,5599,23051,5861,1
41854,Female,University,Single,39,1,1,-1,1,0,4,59480,96098,75917,80851,45783,16366,17863,39332,18162,33645,13947,44501,0
70796,Female,Graduate School,Married,65,4,2,1,3,0,-1,44802,17484,80592,94447,64618,34278,46474,20890,37528,24709,43828,31637,1
341576,Male,Graduate School,Single,33,2,2,2,2,2,2,18058,93609,20283,44332,41271,84770,24894,20462,20744,37581,10253,44216,0
200040,Female,University,Single,79,1,1,-1,2,0,1,69084,62026,467,31961,23347,19377,18872,34675,34748,10616,29638,32758,1
82575,Female,Graduate School,Others,52,0,4,-1,0,0,0,28502,77504,85772,68810,54142,98293,33108,36759,28128,7764,35675,31946,1
120380,Male,Others,Others,56,0,4,-1,3,3,0,61197,12280,5101,28838,59683,66152,45749,35431,24976,40077,15604,37520,0
296243,Female,Others,Others,29,4,1,-1,1,3,0,57204,1754,72083,13332,70288,95686,12406,8127,22987,10891,34483,14265,1
472422,Male,University,Married,66,1,1,0,3,-1,-1,13263,82392,1760,62001,92806,55173,4873,34650,45832,9654,15661,28840,0
118871,Female,University,Others,66,-1,3,4,-1,-1,1,66088,49258,11648,89329,59791,7616,15025,16712,20021,29817,44495,17429,1
784079,Female,High School,Others,69,0,-1,4,3,0,0,70550,42386,33161,35350,2668,8622,28671,37135,23684,34132,14248,8015,0
287173,Male,High School,Others,57,3,4,1,1,4,1,12106,30365,86298,79954,49767,82555,45440,12462,25790,49116,40577,33870,0
435027,Male,Graduate School,Others,51,2,3,1,0,1,-1,82312,80353,17083,47473,85166,44160,31229,10397,1147,15538,31152,40071,1
25793,Female,Graduate School,Single,51,2,2,1,-1,-1,2,14396,28604,16504,39897,75531,38163,6101,21101,5550,25807,38878,24962,1
320250,Female,University,Married,79,0,2,2,3,0,2,25455,803,37097,10682,33830,95900,34373,45196,23769,14289,16995,17996,0
357806,Male,Graduate School,Single,75,3,2,0,2,4,2,53490,7272,49723,20727,93308,81097,21661,5600,44908,4261,10701,36123,0
225836,Female,Unknown,Single,39,1,1,1,1,4,-1,-352,95986,77601,55669,40739,78112,16182,381,35218,23592,27501,43336,0
792778,Male,Others,Married,22,2,0,1,0,3,0,92733,80204,47739,42775,49210,69787,38604,11784,7138,28281,33051,2507,0
487347,Male,Graduate School,Single,65,3,3,-1,4,4,-1,54546,26117,81648,55941,34166,45278,35176,15024,47404,4082,2670,18584,1
404188,Male,Graduate School,Others,52,3,0,-1,1,2,1,63396,86275,10696,68439,10196,92888,2839,9625,16328,17963,15135,10964,0
403576,Female,High School,Married,63,-1,-1,-1,3,3,2,76145,43699,81535,11115,17714,98023,33876,36649,39125,29770,26203,8998,1
667992,Female,Unknown,Single,54,0,-1,1,0,3,1,32588,67524,97674,49937,44692,22419,4454,40876,9065,21983,45589,14822,0
768612,Female,Graduate School,Single,21,3,3,-1,2,2,-1,63202,6204,86258,44132,49911,93616,27780,28017,8565,3419,41641,20167,0
90882,Male,Others,Others,41,1,2,1,-1,3,3,91128,77564,94735,72498,94904,26577,14214,27980,32079,30991,11631,48101,0
159080,Female,Graduate School,Single,23,2,4,2,3,-1,3,80456,73052,61071,61038,44580,79133,23938,12436,1194,18401,39932,32578,1
611944,Male,University,Single,47,-1,-1,2,0,3,-1,20829,61519,93968,11025,93372,34557,7414,43164,39255,20401,15516,43989,0
433499,Male,Unknown,Single,64,1,0,3,-1,2,0,48058,30864,53094,94439,81347,89765,27788,6747,29533,3037,31453,33408,0
673178,Female,Graduate School,Married,27,2,0,0,0,0,4,72231,99665,73675,57526,86297,21645,45502,18583,19865,14501,40398,38693,0
473871,Female,Unknown,Married,53,0,4,-1,4,0,1,83715,49386,49271,15907,53181,43516,34693,19916,45356,17145,46659,20470,1
40579,Male,Graduate School,Single,29,1,1,4,3,0,-1,35984,97051,41415,67832,52028,14306,15457,29047,5615,46165,37024,43955,1
589466,Female,Others,Single,50,2,2,-1,0,2,-1,66670,15486,87251,55108,26066,26968,38862,35497,40226,44932,20653,26814,0
722944,Male,Others,Others,38,-1,1,0,2,2,3,1177,13774,26124,19863,63631,77131,24017,8787,15084,47948,48008,34867,0
206092,Female,Unknown,Married,76,2,3,0,0,-1,2,17683,65282,22403,4685,99420,24065,25654,8038,8016,12838,15909,10834,1
514473,Male,High School,Married,46,3,-1,3,3,2,2,54133,13373,1422,5647,42281,24920,1976,3910,31156,16982,25935,14860,0
647492,Female,High School,Married,40,-1,4,0,0,4,4,96042,36676,12455,29145,48711,31636,28136,36264,26725,3743,2073,40666,0
629661,Male,University,Single,58,1,4,1,-1,0,0,82303,2691,27187,39562,69977,97911,10921,44079,34825,31966,28151,12277,0
524879,Female,High School,Others,61,4,4,-1,-1,2,0,62276,43445,91658,19767,46024,79608,29312,40270,44072,41376,36138,15699,1
666335,Male,Unknown,Others,75,0,1,0,4,1,4,10693,24823,46109,97702,90497,35359,31709,36568,18801,44393,2484,22173,0
466695,Male,High School,Single,51,-1,1,1,1,3,0,3142,53564,74068,4430,50769,37413,3444,8162,49277,48273,42778,3749,1
288409,Male,University,Single,28,-1,3,0,4,-1,3,43622,66255,12541,2880,9146,68655,33526,11262,35600,46795,39670,4746,1
407534,Male,Graduate School,Others,43,-1,0,4,1,0,-1,87564,50354,14481,64662,32357,69847,19478,32298,37246,6210,40173,12581,0
438297,Male,High School,Others,70,2,0,1,2,4,0,90945,86071,41478,59487,97802,7944,4379,35591,22854,33850,35434,39270,1
199721,Male,Unknown,Married,45,3,3,2,-1,4,3,64440,92417,37593,82690,54499,2048,16496,34260,37386,587,27981,12960,0
649763,Female,Unknown,Single,67,4,4,1,1,0,1,60291,5026,71296,38793,15313,36212,28868,30270,14142,29443,3384,42399,1
520332,Male,University,Married,21,0,0,3,0,4,-1,1472,42496,41919,56590,26398,68656,5283,19700,17393,10999,16906,37045,0
510267,Male,University,Others,66,0,3,1,2,1,4,53646,13073,40670,70461,8324,76189,13180,43269,3778,36426,18077,27544,0
708429,Female,Others,Married,38,3,0,0,3,-1,1,79836,20836,19954,51470,6432,15000,17205,37705,33709,15845,4183,37655,0
516568,Female,Others,Others,39,2,3,2,1,3,2,29549,64186,32341,66617,19867,98318,30126,23801,36371,10415,26865,8103,0
219742,Male,Others,Others,71,2,0,2,4,-1,2,77554,6184,26419,62616,33359,44654,47113,15856,36748,45377,15344,12954,1
377112,Female,Graduate School,Married,62,3,4,1,1,-1,-1,76934,59829,48659,99361,68943,74496,10637,13363,15318,21964,33365,38701,1
86377,Female,Unknown,Single,72,3,1,0,4,0,0,24826,789,87655,69823,29971,85816,43159,20968,37136,10375,30718,13013,1
363815,Male,Others,Married,73,1,1,2,4,2,-1,67646,29353,1222,37671,49759,87973,45246,12052,47068,47531,42605,23891,0
153499,Male,Unknown,Married,26,2,4,4,-1,3,0,78142,25340,55840,4335,35492,24534,33044,27789,41461,16148,7495,4448,1
443467,Female,University,Single,37,-1,0,1,2,-1,4,7801,46343,93899,67525,90827,98895,47596,13683,44778,5913,26734,8668,0
240739,Female,Graduate School,Single,66,0,4,1,4,1,2,87491,26933,25273,92709,52006,43221,25842,39162,48614,42981,18720,28141,1
636551,Female,University,Married,65,2,3,1,-1,0,-1,96347,95601,65323,70257,40069,12339,23015,8172,32671,21410,30827,21712,0
428381,Female,Unknown,Others,28,3,1,2,-1,2,-1,68310,12686,92901,55230,76905,99892,24395,39225,31970,29351,24067,5194,0
655647,Female,Others,Married,74,-1,-1,-1,4,2,4,91358,78887,24162,81259,29291,34306,16659,36064,1250,43329,18098,30549,0
370988,Female,University,Others,62,1,0,0,2,0,0,-742,28258,75893,1728,16152,79359,27487,22168,43348,25935,28314,47390,0
599215,Male,High School,Single,29,4,-1,3,0,-1,2,5868,32027,51802,82511,64674,57134,25906,39991,18703,49932,13088,5350,0
345314,Female,Graduate School,Single,57,1,-1,3,1,4,2,5817,17302,44569,88763,48372,11459,10535,15698,38678,32938,10976,5696,0
297010,Male,Unknown,Others,75,-1,2,0,-1,0,0,37512,86438,26277,21167,52079,70717,26964,11784,22922,37787,3176,32014,1
161391,Male,Others,Married,47,-1,-1,-1,1,4,4,29856,54755,48116,34929,50539,11208,33360,31472,2957,20608,32125,36425,0
549700,Female,University,Single,56,3,-1,0,2,2,0,11092,46002,84956,74036,1525,52546,15552,31726,22722,46497,30291,42248,0
505379,Male,Graduate School,Others,26,4,4,1,0,2,4,57259,89095,56899,72711,8637,96545,3995,24548,13894,2108,47180,33036,1
476802,Female,Others,Others,26,3,2,4,3,1,0,95636,25362,99013,36397,47324,56991,23477,28131,25772,15476,24778,45356,0
658423,Male,University,Married,65,0,2,0,0,1,2,52094,6252,48029,61248,55108,77571,30977,12451,32754,9850,35666,25597,1
130019,Female,Unknown,Others,24,4,2,0,2,2,2,81157,64635,11167,46536,33377,4876,37840,38328,36042,9987,28148,32857,1
224649,Male,High School,Others,42,4,3,4,0,1,-1,35123,68441,44350,71437,79069,66011,26110,17358,25632,39384,17648,34693,1
334066,Female,High School,Married,60,0,2,2,3,1,4,57031,14090,14590,75426,86363,78316,29926,6276,43218,35553,6943,29031,0
278329,Male,Unknown,Single,47,1,4,3,-1,1,2,72440,34110,26883,75851,59207,25636,12301,6224,29484,33164,6850,13611,1
358492,Female,Graduate School,Single,57,-1,3,3,0,2,4,87521,72627,86132,79962,21368,88657,23083,39886,47856,25379,48499,30108,1
101368,Male,Unknown,Single,22,1,0,1,4,-1,4,53858,51385,66046,30316,24736,29978,13295,8184,35816,40799,48332,36015,1
197461,Male,University,Others,29,3,3,4,4,-1,1,158,4024,95299,34065,16753,57467,42023,21555,34674,19388,43419,17532,1
792190,Male,Graduate School,Others,31,2,0,1,2,3,1,58473,10441,58930,79775,95242,24191,35873,37573,2939,11961,25813,29398,0
289567,Female,High School,Married,40,3,2,2,0,1,0,97898,81247,86823,79286,2571,90396,23274,26107,30550,40532,31160,16241,1
61268,Female,University,Others,72,2,2,1,3,-1,4,63720,41311,43506,22674,25798,25901,44864,20200,11670,8846,1554,9794,1
122692,Female,Others,Others,63,-1,0,4,2,3,0,17134,26387,13374,78049,32256,10329,44265,15308,41500,7644,44702,5297,0
444860,Female,Others,Single,59,-1,1,4,0,0,0,15786,66825,23551,25085,46419,19056,38673,5133,29606,42836,27735,26378,0
702146,Female,Others,Others,78,4,4,-1,2,1,-1,89933,75890,88472,37086,75595,82543,3361,13696,14431,24843,671,8196,1
367345,Male,High School,Others,34,-1,3,2,4,-1,1,51990,10291,93188,62493,91539,27025,28080,14048,9049,47179,41042,38700,1
478741,Female,Unknown,Others,46,0,4,4,3,-1,1,74963,30386,54584,52186,90989,9895,11087,15560,31693,1092,29720,26740,1
128222,Female,Graduate School,Married,58,0,4,4,-1,4,2,50692,92814,68169,47248,29624,8332,28626,10404,11028,42428,12512,35829,1
433693,Male,High School,Others,50,2,-1,2,3,-1,1,54030,8702,91518,25156,8056,79076,28388,12848,39226,9513,43437,49582,1
761270,Female,University,Married,56,1,2,0,-1,4,2,9494,97523,16845,84353,62279,3682,10107,31876,34520,40095,34219,41349,0
132942,Female,University,Single,58,4,3,0,1,3,4,72026,94066,86834,69169,17564,73831,19382,8773,29587,37761,21697,8015,0
509972,Female,Others,Others,55,1,4,-1,4,4,-1,25273,42128,5352,99355,10220,99056,17725,16243,18050,3079,5237,11742,1
668931,Female,Graduate School,Married,75,2,3,4,4,0,0,93040,79941,99475,2876,10290,-387,34629,6262,1863,42468,26596,3542,0
553864,Female,Others,Single,26,0,4,2,4,1,0,13760,26762,62317,70444,51480,59391,2455,7818,4461,41781,23522,1373,0
391785,Female,University,Others,23,3,2,2,3,-1,4,37302,2239,56080,54282,19018,81563,3792,16114,46904,12167,43085,4839,0
465919,Male,University,Married,21,4,4,0,-1,2,2,69822,60874,7594,70963,54138,60497,27439,15028,43373,2135,25751,11490,0
675040,Female,Unknown,Married,78,2,0,3,1,1,3,66149,62971,7475,44777,81155,16519,27727,19941,37980,30236,40753,49604,0
691066,Female,Unknown,Single,73,1,2,3,1,2,4,44540,11567,87035,47119,80567,15202,44838,35150,2118,21305,26980,32190,0
220926,Female,Unknown,Others,78,2,3,4,1,3,2,87499,84737,93374,66359,98292,19083,38632,22065,12613,46422,9474,29806,0
227267,Male,Others,Others,38,2,1,0,2,-1,4,31430,5857,94983,99092,82302,42322,16197,16614,38394,686,534,20398,1
387186,Male,Graduate School,Others,43,-1,4,4,3,1,-1,37419,64603,36424,14641,8006,9013,23375,39222,42309,9166,47777,6049,1
735925,Male,Unknown,Married,52,0,0,1,3,1,4,2552,74399,64210,75432,42926,70605,22280,18267,27467,41465,12040,48651,0
451652,Male,High School,Others,49,4,2,2,4,-1,4,58571,57086,74923,57295,78118,60763,1308,10103,7358,48726,40529,22042,0
668134,Female,Unknown,Married,43,-1,-1,4,3,0,1,22622,88145,1670,77451,25265,26341,40899,6031,47317,16457,4666,42948,0
158044,Male,Others,Married,56,0,2,-1,3,3,2,47829,31270,58263,84340,14908,9819,16315,4176,42030,16964,37441,25704,0
155120,Female,Graduate School,Single,26,2,3,3,2,-1,-1,3996,1012,68896,18411,70165,35761,40857,10147,18137,27716,43413,25685,1
108908,Female,Unknown,Married,37,0,3,4,3,4,0,33232,58049,34316,2101,83406,53007,24181,37251,26712,24798,2162,8697,1
380868,Female,Graduate School,Single,38,1,-1,1,-1,1,3,61083,90558,17710,27536,17049,28173,9893,34136,28434,12199,42786,39796,0
247741,Male,High School,Single,51,4,0,2,1,0,3,53034,83989,38814,2588,9827,-944,12697,2266,29922,17280,36766,25755,1
90225,Female,University,Others,26,-1,3,1,2,1,2,38379,88586,99510,13709,68522,51389,3213,17035,39128,2433,47857,33263,0
354417,Male,Graduate School,Single,54,4,0,4,2,2,4,30002,64826,4179,84765,39954,25920,42978,34878,47404,36720,23885,37804,1
136170,Female,Unknown,Others,64,2,0,2,4,1,1,34868,38080,60938,86657,66359,61467,8438,14775,44447,7452,36460,23521,0
484766,Male,Others,Single,64,1,2,2,3,3,4,68649,55879,80212,90259,61934,62897,34992,35866,45981,2169,26415,385,0
490570,Male,Others,Married,47,0,0,0,1,-1,2,25532,68215,24063,76245,53980,70532,2858,2755,31572,46854,40244,30344,1
479896,Female,Others,Others,56,0,4,0,-1,1,3,35861,52062,48616,417,53582,94337,17751,40316,27517,33590,36827,11726,1
591890,Female,Others,Married,68,1,3,-1,1,4,3,72660,64888,52475,19293,86256,32387,28935,20432,20649,26787,41290,36382,1
37182,Female,Graduate School,Others,72,0,3,-1,0,2,4,20235,17210,57009,52897,85008,15041,12455,30459,34156,11526,46038,37539,0
319203,Male,Others,Married,62,-1,1,1,1,2,4,89798,36146,70011,43649,-390,20258,37912,13559,29927,2139,34295,7280,0
412003,Male,University,Single,45,3,0,0,-1,-1,4,2579,96728,8681,34540,90447,12066,49854,17561,11591,28425,45143,18280,0
523668,Male,High School,Others,30,0,1,2,-1,2,0,56944,92948,71501,61251,35636,1613,10115,15381,25832,43343,39819,28430,0
796825,Female,Graduate School,Others,59,2,2,0,-1,-1,1,24619,35166,32566,54427,85245,93373,17717,40517,45737,48038,49725,36285,0
724814,Male,Graduate School,Others,66,0,1,2,2,3,1,20829,2006,26874,59172,10884,86293,32522,25618,20102,41273,38914,26910,0
153128,Female,Others,Single,59,4,0,0,2,-1,3,74107,4,51392,91281,85355,18219,30747,18940,6914,2649,40318,29594,1
464699,Male,Others,Married,32,2,3,2,0,0,3,19912,46580,35123,34017,50315,89777,3365,11876,38289,42849,36463,30465,1
431645,Male,Graduate School,Single,31,0,2,1,1,2,2,39334,4967,84849,19242,49901,68093,41623,47777,10875,39821,33291,33578,1
580197,Male,Others,Single,69,0,0,0,3,2,2,41001,70964,44317,62429,20556,68707,34852,11127,425,1489,30260,25978,0
325050,Female,Others,Single,63,2,2,3,4,4,0,33341,33846,60217,67285,45676,3982,29317,42583,30600,34432,42131,47616,1
358434,Female,Others,Married,73,-1,-1,3,0,1,3,11663,17879,65395,96544,77758,78068,4973,7596,44984,48528,43513,3794,0
293049,Female,Others,Single,23,3,0,2,3,0,2,21104,1261,23939,83525,85603,81554,45427,18468,14743,43568,45139,5307,1
754979,Male,Others,Others,71,3,-1,1,3,1,0,41323,27340,46102,99151,10018,51760,45791,18855,6918,35300,42381,26980,0
719090,Male,Unknown,Single,42,-1,1,2,0,-1,1,47277,66273,78854,7770,35599,55758,46701,21162,7008,17039,10423,8121,0
591845,Male,Unknown,Married,24,0,0,1,1,3,3,16640,31323,39456,136,66915,47562,36194,30467,41176,3718,2216,42176,0
388958,Male,Unknown,Others,28,3,-1,-1,4,4,-1,16511,34864,9337,10602,21489,60033,16863,18769,39081,20366,32304,5229,0
771994,Female,Graduate School,Married,34,-1,4,0,3,2,3,57367,6927,61475,9466,47071,70273,27533,8157,8801,7444,43115,2955,0
498373,Male,High School,Single,40,-1,3,1,2,3,2,97235,63884,10023,9413,11394,44670,20114,42254,12645,6209,6336,28598,0
489329,Male,Graduate School,Married,44,3,1,2,2,-1,3,43654,34212,77406,45075,13417,90097,23526,45028,32953,7866,41811,49113,1
767624,Female,Unknown,Others,34,2,0,-1,0,-1,-1,93428,81256,59916,157,26849,88865,16010,918,25300,36783,15573,2953,0
207271,Female,Graduate School,Married,48,1,0,2,4,0,3,54233,83903,90027,6452,34207,17957,12204,15102,13157,22360,21863,38510,1
712661,Female,High School,Others,36,2,3,3,4,1,2,49,40927,46620,76586,60669,65692,25275,4747,9015,49352,46174,5184,0
619040,Male,Others,Others,52,0,3,3,3,2,1,66837,53150,13274,25225,23290,63074,35415,30275,10169,6611,24094,17472,1
450475,Female,University,Single,67,2,-1,0,0,2,2,63760,57647,82694,39043,14115,2868,21750,42563,16273,29105,9371,33084,0
740161,Male,Unknown,Single,32,4,-1,4,4,3,0,94033,12056,84285,13478,31752,16151,37876,27571,45734,8329,36363,12010,1
360435,Female,Unknown,Others,36,1,-1,0,4,0,2,57498,9862,23398,93776,45402,7606,34489,21965,28465,44023,20751,6238,1
792262,Male,High School,Married,72,1,2,-1,2,4,0,95685,9798,80506,86333,23241,38338,3159,8567,17568,33843,10051,12746,0
631065,Male,Others,Others,39,-1,1,3,0,-1,3,34966,58058,29135,36140,48021,76011,16717,40634,24759,34243,737,46788,1
490313,Male,Others,Single,25,4,0,1,3,0,0,42705,50747,72878,4611,37197,44304,8855,24007,19992,29853,43772,394,1
296881,Male,University,Married,32,0,1,3,3,2,4,60490,34738,10412,82506,63079,34654,25354,6550,14477,39713,10984,38083,1
557678,Male,Others,Others,49,-1,3,4,2,4,3,52645,58945,14293,29166,88979,65397,1223,42368,36534,37725,19202,9765,1
101612,Male,High School,Single,25,2,4,0,-1,1,0,89425,81398,51969,17707,35533,95003,3454,18487,9811,44373,13086,17446,1
586618,Female,Others,Others,62,2,1,2,-1,3,2,67231,16227,12194,-767,76897,85834,44459,31194,37094,20288,46259,18807,0
81082,Male,High School,Others,78,3,1,-1,4,-1,-1,71181,33393,90182,57609,88832,53109,46414,22019,24019,13627,38110,32419,1
719002,Male,Unknown,Others,37,-1,-1,4,1,-1,3,89641,82800,59787,96537,73381,92469,31721,22300,16262,28807,18547,30427,0
424496,Male,Unknown,Married,67,4,3,3,2,-1,0,54032,58461,93301,39684,78283,99681,27073,24592,2435,44106,13248,4371,1
239561,Male,Unknown,Single,28,-1,1,1,1,1,-1,72685,56848,81680,64567,82093,37998,41900,33200,734,448,19460,3581,0
293181,Female,Graduate School,Single,60,-1,0,4,4,2,0,14032,23685,36219,27014,66203,87203,35401,33004,32925,68,23300,13549,0
650956,Male,Unknown,Others,60,-1,-1,1,2,2,0,63221,90517,34507,90483,45963,56369,23199,306,38072,23480,28737,6548,0
129229,Male,High School,Others,50,1,1,1,3,0,0,21243,2480,55591,7951,30034,80764,32272,12720,49146,4908,41486,4258,0
443792,Female,University,Others,30,3,3,-1,2,4,2,44915,14860,86468,67739,13143,98954,33784,32791,32759,28208,33216,32063,1
431780,Male,Others,Married,40,0,4,1,0,0,0,74969,67578,38559,66330,67857,85377,45560,44269,7764,7369,44180,42602,1
240205,Female,Unknown,Single,65,0,0,1,1,2,-1,89423,56230,88836,61831,89593,4990,37301,41973,17459,46070,14436,6947,1
750799,Male,Graduate School,Others,36,0,4,3,2,-1,4,16379,56026,87765,65297,92415,77183,44681,49832,5122,34508,49094,40004,0
106342,Male,Graduate School,Single,61,1,3,-1,1,1,0,71401,5564,5867,27936,68662,17350,5,34283,47180,28308,23818,37996,1
777224,Female,High School,Others,36,3,3,2,4,2,4,78146,19012,73644,62702,18177,2286,43226,17335,30342,26595,6873,12467,0
362072,Female,University,Single,62,4,3,2,2,1,1,88416,53169,95319,14574,73835,49147,36755,5407,42821,36660,6697,30851,1
562375,Female,Unknown,Others,23,3,4,1,-1,3,3,75251,89222,2943,97585,45051,83062,30208,414,40958,14252,4161,34310,0
513040,Male,Unknown,Married,43,1,2,4,1,-1,2,1631,93416,63413,3071,70721,98260,23103,37616,23135,45432,40764,32737,1
119844,Female,Graduate School,Others,42,4,0,0,3,3,1,97567,25341,14523,76631,51937,26620,8704,25999,2964,38811,10043,35667,1
741573,Female,High School,Others,77,-1,3,-1,3,2,1,39452,55758,66028,20009,58778,-783,11452,4971,25464,49160,119,26610,1
547091,Male,Graduate School,Others,48,2,2,0,2,0,-1,60196,82121,35389,27631,98924,52098,33742,15145,13578,27628,14580,34246,0
338905,Male,Graduate School,Others,66,-1,-1,-1,3,2,-1,12830,45841,7918,21362,94203,99719,13558,4985,46385,31050,12574,25587,0
662862,Male,University,Others,65,0,2,-1,3,3,4,23596,91584,45610,29700,72993,87115,11008,24353,24406,33018,31791,42391,0
736670,Female,High School,Single,56,-1,-1,3,1,1,4,42484,42335,44821,46105,14942,43305,41936,7650,37893,35164,19231,46740,1
419379,Male,University,Single,24,1,4,1,2,4,2,93756,54155,25185,30232,66659,98771,620,21754,1133,32891,45473,25032,0
192957,Female,High School,Married,58,0,2,3,1,4,2,24772,97314,20402,40775,16894,44742,32315,12964,37006,12921,49502,21394,0
227412,Female,Unknown,Others,44,2,4,4,2,2,3,4116,80147,93860,52711,52927,18256,45610,43407,5786,9020,10394,44024,1
46764,Female,Others,Single,39,4,3,0,3,0,0,80839,28527,28576,16854,95140,15416,7595,31572,28878,26010,27908,20435,1
495998,Female,Others,Single,31,4,2,0,2,3,2,84053,94466,96296,67823,55160,18871,12837,22905,41125,48507,42512,19960,0
203198,Male,High School,Others,60,0,2,2,4,2,2,636,47775,22134,45782,35190,22171,44801,27767,14595,29589,2250,24219,1
249066,Male,Others,Others,66,-1,3,4,2,3,4,40590,49653,85761,21090,7431,89536,8785,21841,22477,40440,21444,24479,1
208296,Female,Graduate School,Married,60,3,-1,4,0,3,0,91338,23704,73667,26161,56394,85802,42379,16833,11948,46174,46964,32033,0
319199,Female,Unknown,Married,66,3,3,3,2,-1,3,6811,32057,48239,15894,56819,2078,5852,43895,45468,34845,22967,21263,1
323743,Male,Unknown,Single,75,4,0,3,0,4,-1,14223,6393,29505,45300,31338,93946,10134,40096,11403,16979,19621,23589,0
219112,Male,Others,Married,59,3,2,4,1,4,3,9581,74404,268,89666,91116,36630,8814,27752,42935,35854,22906,33906,1
103120,Female,High School,Single,73,0,0,3,0,1,0,19919,39373,70097,43665,30583,76654,12040,13137,39079,27278,44469,9552,0
185556,Female,Graduate School,Married,38,3,3,2,1,-1,-1,82018,90956,63624,38552,12913,86393,23687,23012,35923,23348,24623,14794,1
137976,Female,High School,Others,32,1,4,3,2,4,-1,48441,83613,93649,64288,94101,76746,4529,12708,16804,34512,26852,35958,1
704212,Female,Others,Married,34,4,3,3,1,3,-1,1604,58171,54197,57650,13860,79567,36687,15051,9921,32790,46045,24631,0
547507,Female,Unknown,Single,67,2,1,4,3,0,3,63655,28336,10271,92254,31924,36062,41277,27175,35603,4972,30671,20903,0
380652,Male,Unknown,Married,38,3,0,4,4,0,4,-793,57714,6512,53645,94231,98018,1524,19335,2085,16015,46896,44151,1
624639,Female,High School,Single,64,1,1,3,2,-1,0,92926,11985,67336,38356,72134,79306,48476,44678,39837,24538,15016,45105,0
321009,Male,University,Single,62,1,0,3,0,0,3,7463,11014,96156,41184,36529,35748,39994,1537,23854,31830,15381,11628,0
64457,Female,High School,Married,32,0,4,4,4,3,3,35446,7374,62968,49817,31453,36151,31497,35936,35153,15020,44984,31092,0
100159,Male,University,Married,60,4,1,0,-1,2,1,89526,84506,59757,33633,75511,50176,49085,5687,26353,262,16321,10151,1
210065,Female,High School,Single,47,0,1,1,4,3,2,11671,21299,20422,47720,53389,43689,17276,16352,18761,44460,38162,30057,0
103391,Male,University,Others,26,2,0,0,2,4,3,8476,90513,53040,65301,85090,38630,8819,40571,28870,15142,11376,43089,0
322544,Male,University,Married,44,2,3,3,4,2,1,3986,26331,95381,96694,53199,17998,21707,41144,12292,34353,18276,37745,1
308402,Female,University,Single,71,-1,-1,-1,4,0,4,27590,4584,93897,23640,30444,65346,45213,34224,1455,49584,17281,23088,0
746366,Female,University,Others,53,2,3,-1,3,1,4,14526,11965,11764,50857,92970,9647,35789,34262,13682,41519,34506,38959,0
190029,Male,Graduate School,Single,65,4,-1,2,1,1,0,41001,83769,20164,4765,47112,99334,30915,5060,13182,12336,13856,5765,0
683641,Male,University,Married,74,4,0,0,4,3,1,52242,19819,65679,79997,17798,77740,552,27981,1890,22695,25544,24813,1
611552,Male,University,Single,36,0,2,4,0,3,3,5803,27782,28213,79872,59147,5033,14182,9479,47206,18872,11194,35807,0
716691,Female,Unknown,Single,70,1,3,2,0,0,0,50446,78035,71239,29761,10441,79781,44550,29523,41609,45649,45701,48509,0
186752,Male,Graduate School,Single,32,-1,1,2,3,1,1,10905,84847,93386,36742,66691,25361,13149,26814,35196,45283,44058,27982,0
675522,Female,University,Married,51,2,3,-1,4,1,3,1461,87434,9806,383,46792,99276,31603,10065,6209,22455,35271,25260,1
235880,Female,Others,Others,77,1,0,0,4,3,0,57687,59773,6094,62235,61942,65360,30312,34518,29250,16597,22444,20367,0
381021,Female,Graduate School,Others,57,0,2,1,3,4,0,4673,22824,54597,14458,84677,33495,15155,25820,31635,9857,21534,16016,0
283482,Female,Unknown,Others,73,3,2,4,2,1,2,75490,13110,15158,1435,31860,17616,10277,10438,40816,48281,23130,49338,0
753192,Female,High School,Others,33,-1,3,0,-1,3,4,45772,46707,59833,27736,11468,4680,33443,22871,7282,40689,9662,48247,0
21675,Female,Unknown,Married,78,4,3,2,-1,-1,3,74956,87512,26209,28992,57014,71281,40528,49325,39961,3478,44712,27319,0
99606,Male,Unknown,Single,28,1,4,3,1,1,2,81863,4825,12763,98754,33911,6605,14676,37080,15918,16248,11822,3428,0
292224,Male,Graduate School,Others,58,0,3,2,0,2,0,28564,2488,35256,56566,89343,32530,9785,19661,10446,35565,13252,26986,0
253747,Female,Graduate School,Others,23,0,0,0,2,0,0,68692,66431,58191,39692,54123,97325,20781,18405,16456,45522,27214,40526,1
258585,Male,Others,Married,77,-1,-1,-1,0,3,1,11251,67444,76753,22442,60333,79348,27258,1396,29954,35159,35329,27810,0
286080,Male,Others,Single,78,-1,4,0,2,1,2,78056,65947,41105,22700,16986,36329,11970,173,3457,21749,37262,30727,1
20019,Female,Graduate School,Single,40,2,-1,1,3,1,-1,81085,4457,99408,81361,34719,2305,3264,44354,16296,42043,16350,23138,1
772078,Male,Graduate School,Others,78,2,1,4,1,4,3,905,76110,84776,90549,58116,93379,37761,15913,36853,38529,19987,36156,0
470498,Female,Graduate School,Others,24,4,0,4,3,3,4,51208,37216,53410,26763,74794,39538,8807,23935,43037,13149,49538,30746,0
360448,Female,High School,Single,64,4,4,3,0,2,2,74051,92230,12510,94110,310,30394,30319,11080,40356,7216,6761,21453,1
739221,Female,Unknown,Married,65,-1,2,3,1,1,0,61094,7847,66344,46556,95462,53044,4227,47540,25602,27301,24358,19318,0
14486,Female,Others,Single,22,-1,4,2,4,-1,1,15734,87212,20864,66903,62798,8733,26207,35014,46600,34718,24713,20755,0
354165,Male,Others,Single,71,1,1,0,2,0,3,25886,40309,64945,3865,70782,7612,30290,19462,29192,46332,3751,13112,0
745224,Male,University,Others,56,2,2,4,2,3,4,62611,13658,-355,40842,81078,62866,32211,34467,15223,847,35468,48069,0
652699,Female,High School,Married,43,0,4,-1,1,1,3,35077,87928,60264,38927,19162,3436,21673,14963,20880,21886,5844,48599,0
684472,Male,Graduate School,Married,65,2,2,1,3,4,1,4661,16527,82471,48602,15761,25559,9136,19475,38551,4671,29153,6934,0
585985,Female,Graduate School,Married,39,2,3,2,1,4,0,98235,28676,12926,69734,18679,72850,4980,20168,30663,41504,8491,22371,1
520462,Female,High School,Others,60,-1,2,0,3,0,4,2838,15781,113,30076,73441,40393,24198,1844,10228,4153,16415,6859,0
65998,Male,Others,Married,28,-1,4,-1,1,3,-1,41073,-355,51739,71822,11379,15335,46344,39165,4749,8571,8733,28570,1
119537,Male,Graduate School,Married,36,2,2,0,3,3,1,9378,96476,48213,94817,46770,21715,46362,45653,5045,46033,30516,16031,1
36576,Female,University,Others,78,3,0,-1,-1,3,-1,7058,77236,24811,18734,58567,3165,38434,48876,33615,30456,49698,29148,0
191172,Male,Others,Single,63,3,3,0,1,2,2,66525,22990,60687,1829,12421,50790,32599,40288,26071,9353,14759,11441,1
380208,Female,Unknown,Married,38,4,3,0,3,-1,3,74113,85052,3592,99917,93183,52029,7371,9942,34163,65,20524,2751,1
91238,Female,High School,Single,56,2,1,4,4,4,4,84404,17618,23552,915,47938,95573,2396,33660,22958,14301,47035,40941,1
225045,Male,Others,Married,44,3,3,2,0,3,0,88806,60859,60898,38980,9974,79308,44866,8406,16922,17181,24955,17959,1
135885,Female,Unknown,Single,21,4,-1,0,0,2,-1,32884,75500,51118,8440,1500,16999,2090,19813,27995,10008,49648,6503,1
600017,Male,University,Single,21,4,0,0,1,3,0,27527,57827,18744,3819,59490,14505,18913,13171,30177,5290,18299,17440,0
100853,Female,High School,Others,66,2,1,2,1,3,2,41187,96389,21046,72415,50015,21388,23928,23129,30426,31474,26761,22044,1
656280,Female,Graduate School,Others,56,4,-1,2,2,2,-1,37735,95726,88990,89352,48643,45461,36941,30303,14113,631,24110,25120,0
759378,Female,Graduate School,Married,31,-1,2,3,3,-1,0,14981,962,80365,31225,72649,79051,9251,20028,10386,28351,12695,6243,0
301288,Female,Unknown,Married,38,-1,-1,3,1,0,0,61457,38241,63932,9334,92116,97839,32126,27191,901,36026,24760,39568,0
722686,Female,Others,Others,36,-1,1,4,0,4,2,26080,39251,22084,82128,95296,32890,39727,21723,25245,39869,49640,49481,0
349292,Male,University,Married,37,0,3,2,0,1,1,10797,61397,35398,94367,96559,52517,13485,16989,18267,40201,10257,46144,0
332742,Female,Unknown,Married,44,-1,0,1,0,3,4,56056,68951,96219,68656,10805,38857,31647,47440,8331,8383,46151,9770,0
422839,Male,University,Others,54,-1,1,4,3,-1,2,25457,54770,31477,75093,6731,86133,41606,16312,10860,35567,39546,35774,1
685609,Male,University,Single,24,2,-1,-1,-1,4,-1,19917,30545,68405,1961,98249,78639,9545,32503,11110,22109,32938,30580,0
476981,Male,University,Married,55,3,-1,2,1,1,-1,7871,7705,4200,77385,92752,81578,27275,29400,20543,1149,31820,22224,0
101810,Female,High School,Others,35,3,1,3,-1,3,3,18053,94302,1039,85696,94310,95540,13366,39811,42254,19387,8591,7145,1
82131,Male,Unknown,Married,22,-1,4,0,3,1,0,90359,9704,77615,31545,99788,47149,8955,17561,30393,36313,48013,19299,0
179449,Male,High School,Married,76,-1,4,2,4,2,4,65727,31119,88374,74875,50907,13337,28647,45406,11074,45399,11784,13497,1
455581,Male,Others,Others,71,-1,1,2,1,4,-1,82050,27671,98611,50569,10460,95204,2326,21565,29702,19,46834,26348,0
375556,Female,Others,Others,51,4,4,3,2,-1,1,82323,20203,60356,616,10294,26683,49610,17867,17800,28276,28228,22573,1
306695,Female,Graduate School,Married,29,2,1,3,1,-1,1,58415,80927,5634,73447,9059,62269,35340,29621,11264,41392,17724,13922,0
100214,Female,Graduate School,Married,30,2,3,1,1,4,2,37398,91115,63899,52834,30856,71754,48843,20669,44292,999,24466,11007,1
359894,Female,Graduate School,Single,73,2,1,4,1,0,-1,96064,11451,724,24549,6817,78330,46534,23697,21347,2534,37183,872,0
48599,Male,Others,Single,45,3,2,3,1,0,4,74058,23516,86590,71361,92917,56360,38708,9737,21505,28538,11813,15794,1
239417,Female,University,Others,71,0,0,3,4,1,4,4030,95613,1455,17230,2033,49764,48702,32035,35350,4425,27151,23881,0
643778,Male,University,Married,25,3,0,3,1,2,-1,381,74856,71628,49618,11971,4397,4169,46721,16742,18074,6620,22388,0
365474,Female,Unknown,Others,34,2,2,4,3,1,3,15753,57642,53447,7882,64925,63949,46534,48187,1500,40242,25924,45301,1
556881,Male,Others,Others,62,1,-1,0,1,3,3,4092,44976,25612,97391,55986,44031,9010,9688,40887,6328,46545,41216,0
759760,Female,Graduate School,Married,68,0,-1,2,4,-1,3,51946,18330,39456,80844,29995,99308,6073,12974,30117,8526,7922,21301,0
644153,Female,Others,Single,58,-1,-1,2,3,1,-1,86620,86656,41773,43808,73971,94065,25094,24648,814,2553,34857,36800,0
518965,Female,University,Others,77,4,-1,3,1,1,2,79093,33612,95638,89605,18731,67269,23857,38126,41555,18894,33001,14687,0
707996,Female,University,Others,60,3,3,4,1,4,4,57520,30790,2061,21500,-989,23838,20375,22943,14539,38820,16939,36028,0
472441,Male,High School,Married,22,4,2,1,3,-1,2,7567,86606,31001,80410,74244,21425,24918,28612,37834,39906,27060,7166,1
197031,Female,High School,Single,38,0,0,3,1,-1,2,79152,18449,9586,8333,17004,38119,6808,43186,11187,10242,10146,8885,0
751277,Female,Unknown,Single,49,1,2,4,4,0,2,83680,73830,93479,52383,90869,98111,22571,42576,6086,43676,36501,23826,0
239701,Female,Others,Married,73,0,0,4,0,0,1,26866,31256,74012,65513,21537,50664,7608,14583,39062,14275,3275,13026,0
142192,Male,High School,Others,73,3,-1,1,1,-1,-1,33711,97983,89507,25810,23836,32125,13408,21186,11510,9748,15078,23585,0
53638,Female,High School,Married,73,2,3,4,2,1,0,47743,6190,2763,24117,7511,6311,22692,25563,14129,39911,40241,13006,1
180134,Female,Others,Married,40,-1,1,2,3,3,-1,24386,44493,44209,71258,11473,34169,27369,26691,34832,43305,37714,49707,0
25213,Male,University,Single,28,2,1,1,4,1,2,85842,10561,23078,80206,9468,33042,44134,1591,14200,10357,845,28532,0
788574,Male,Unknown,Others,79,2,4,1,1,3,1,22013,19431,57434,12217,99231,32756,48508,15458,26113,25364,30678,5609,0
779275,Male,Unknown,Others,57,3,-1,-1,1,-1,1,93542,28617,34656,40770,54965,80140,14782,5901,40132,49793,6653,6642,0
351910,Female,Unknown,Single,69,2,-1,1,3,4,-1,5885,12571,74450,85427,67368,15401,5126,40847,30141,48836,1319,13556,1
749319,Male,High School,Others,68,2,2,1,-1,3,0,31821,95931,52595,44272,87898,49890,49595,41547,34132,7370,20501,42237,0
682547,Female,University,Others,46,3,3,0,4,0,2,13045,-991,3006,96350,85036,5628,3704,9034,43788,19490,42670,37996,0
675400,Male,Unknown,Married,57,3,3,2,4,4,1,90210,79739,16470,69461,-985,69657,18284,36417,16650,30749,21487,31042,0
731662,Female,Others,Married,69,1,2,3,0,-1,2,17780,42791,71035,82053,75255,92109,42477,28192,13408,21302,14332,9139,0
564237,Male,Unknown,Married,24,2,3,-1,0,2,2,24550,69857,98608,60724,68402,49065,28708,15116,13594,10496,24817,4373,0
777360,Male,Graduate School,Others,53,0,3,1,1,3,4,88771,52368,75840,14218,14986,40525,17940,17949,42230,48508,2890,14060,0
406743,Male,University,Others,42,-1,1,0,3,3,2,77377,74914,94771,36633,93213,90464,24673,35697,8226,43189,35393,46108,0
782354,Female,Graduate School,Others,26,4,3,0,2,4,3,47284,47847,21894,88689,1345,31398,11053,33489,37649,4303,5513,397,0
479773,Male,University,Others,53,-1,-1,4,1,2,4,59238,72042,16398,40528,90052,33239,17428,1804,32212,41838,8644,49373,0
224480,Female,Others,Single,48,3,1,3,0,2,2,46184,74755,44332,51152,7450,67699,13543,12611,67,44672,31226,47374,0
374577,Male,High School,Single,44,4,-1,3,1,-1,2,59623,94491,89332,8513,14349,47647,8659,654,16572,40510,34397,34545,1
742654,Male,High School,Others,24,3,-1,2,3,4,0,20305,33224,76533,39434,65599,20755,8545,8336,45663,48566,43220,4060,1
421973,Male,University,Married,22,1,2,4,4,1,4,39021,97347,29780,87624,15659,48069,49223,47877,49834,34380,23520,31117,0
521213,Female,Unknown,Married,33,2,4,1,4,2,4,85759,39094,41086,42704,42751,90174,9567,42656,13232,29082,47512,16277,0
524738,Female,Graduate School,Single,66,3,3,0,4,3,0,42184,61818,92368,95966,99870,89759,1075,22837,11146,45438,33326,22112,0
155384,Female,Others,Single,69,3,3,-1,4,2,3,17942,93305,25506,77353,20306,9601,9437,13229,35906,24016,40838,12630,1
425335,Male,Unknown,Others,31,-1,3,2,2,-1,4,76418,9086,73200,71901,99234,3017,9215,27287,46002,3464,43675,31100,1
152876,Female,High School,Others,55,2,3,1,-1,-1,3,23714,92893,94700,59922,79476,67145,42780,17276,42291,23364,1068,17158,1
719346,Female,Unknown,Others,59,1,1,4,2,3,2,50672,39544,94596,99071,68118,31850,32068,27140,3190,25146,43714,33107,0
580833,Male,Graduate School,Others,30,3,0,3,1,3,1,85557,91398,50020,99378,65867,99093,21670,4290,33620,9366,42220,16390,1
348663,Male,High School,Others,63,3,-1,4,0,3,1,42201,17955,12985,49293,7066,45787,45772,28130,16042,21610,10962,1296,0
695359,Female,University,Married,30,3,4,1,3,1,-1,62296,46660,82453,98381,25132,41010,4462,28122,7353,49431,15472,287,1
368237,Female,Others,Married,28,-1,4,4,1,3,1,51979,72736,462,85519,77772,70244,36489,46667,29645,6215,38666,41676,0
472735,Male,Others,Others,25,3,0,3,-1,4,1,87549,70168,23082,54272,65015,6973,3107,37681,23621,35438,20986,33337,1
538056,Female,High School,Married,43,3,0,1,3,-1,0,82257,78236,865,69368,19893,92950,21086,23720,27634,27128,7810,21102,0
273648,Male,University,Others,54,-1,0,-1,3,-1,-1,76817,33630,35777,7670,67582,28913,18959,43736,25332,22241,7996,25218,0
340130,Male,Graduate School,Others,67,3,1,2,3,2,-1,13008,49385,10322,26809,92706,12356,49900,7350,44956,15285,16833,47583,1
479988,Female,Others,Single,52,2,0,4,1,3,0,59196,84045,90848,17069,66024,50893,18083,42096,42267,7668,3639,39541,0
542290,Female,High School,Married,36,2,1,3,-1,1,1,1294,3711,26762,94447,12720,65333,4715,2523,13930,39070,1913,18935,1
85427,Male,Others,Married,24,-1,2,-1,1,4,1,18061,29871,13538,79702,26400,99830,48723,34428,30641,38037,43757,16493,0
310931,Female,University,Single,74,2,2,0,3,0,-1,54733,1457,56125,98675,83012,30582,41214,7630,2595,20493,37401,36418,0
23898,Male,Graduate School,Married,48,4,4,-1,3,2,1,97376,75732,72246,4459,95028,20135,11169,4512,21851,34820,5328,3219,1
90800,Female,University,Single,68,4,2,-1,0,4,-1,39004,77375,89583,27476,94502,48914,17219,34626,1218,3066,38177,731,1
748587,Male,Unknown,Married,64,4,1,-1,2,1,1,79625,38467,2177,61289,27946,40577,1850,25286,22283,11902,27830,45269,1
381167,Female,University,Others,34,1,1,3,1,3,2,50293,12167,26502,26177,25510,76608,3649,8329,8675,9049,37579,11235,0
136718,Female,University,Single,32,3,-1,0,-1,1,0,52682,72995,18249,2423,47162,11624,23128,11752,21067,11992,5327,22077,1
568031,Male,Others,Others,41,1,0,2,3,0,4,9237,6157,2197,60001,29199,19247,18917,11048,23831,12753,30118,8759,0
743898,Female,University,Others,68,2,3,-1,1,4,3,10694,1714,34229,19360,23039,14507,35074,40103,24384,23630,36229,44008,0
777877,Male,High School,Married,36,-1,3,3,2,1,2,85472,85466,23166,65934,18188,64025,45308,14071,40527,40540,7533,38324,0
184458,Female,Others,Single,74,4,0,3,1,0,1,9468,26217,68117,29232,6990,16151,493,17117,28564,14061,1459,23488,1
140864,Female,Others,Others,64,-1,3,2,2,0,3,17461,39132,7692,43940,91706,31315,22084,6520,11741,14512,22866,9549,0
162395,Female,Unknown,Others,22,1,3,1,1,4,4,74376,95653,97424,4361,7975,30104,39701,41354,16665,38654,44178,30124,0
472485,Female,High School,Single,43,2,3,0,0,0,2,73062,79792,775,401,3273,86521,12623,5291,41589,26432,47099,29518,1
182391,Male,University,Married,76,3,4,0,1,4,4,77000,55371,31656,90820,91941,29298,28360,18901,35234,12419,30411,7263,1
551156,Male,Unknown,Others,49,2,1,4,4,1,0,75599,55788,-394,65948,70997,34953,10292,15106,28894,41736,16840,47761,0
240804,Female,High School,Married,66,4,1,-1,0,3,3,99919,8583,56281,21814,39326,57364,12207,36095,36943,15651,8168,1071,1
798512,Male,Unknown,Single,63,2,1,1,2,-1,4,79280,88461,6375,2230,50350,55581,4040,32423,37689,28338,38298,7445,0
154848,Male,Graduate School,Married,29,-1,0,0,3,-1,3,12064,41042,-181,37824,92630,59837,34544,6124,43689,23929,644,37839,0
207303,Female,University,Single,74,0,2,4,3,1,0,86276,89405,75992,49416,7732,16461,1867,13431,39324,12631,10521,35014,0
194884,Male,Unknown,Married,27,4,4,-1,1,3,4,12589,76807,30373,80715,71911,43219,35502,45863,28040,31204,12701,43515,0
597559,Male,Graduate School,Married,49,3,4,1,-1,-1,2,52324,67371,-217,99563,12660,76338,31785,48948,2936,40081,7264,43336,0
87585,Female,University,Others,64,4,3,3,1,0,3,-68,7013,49998,58989,23273,95847,3331,33014,25927,34323,26786,47017,1
461758,Female,Unknown,Married,37,4,-1,-1,0,1,4,16019,77775,6560,70812,64948,12501,49361,21708,13514,22073,21322,22396,0
134147,Female,Unknown,Others,29,3,1,1,0,1,0,54835,28540,28168,64291,54020,10070,32209,7587,43265,49729,46516,41083,1
25628,Female,Unknown,Single,26,4,4,2,2,2,4,21157,35973,64927,57876,25359,99194,44073,3138,44398,29016,5747,74,1
397994,Male,Unknown,Single,64,-1,4,0,1,2,4,51381,66690,23264,54572,93699,626,24490,49493,23697,38284,20640,1988,0
269517,Female,Others,Others,40,2,-1,-1,2,2,2,16574,86028,98436,86304,70263,76346,37876,31064,25412,38461,20734,41116,0
149337,Male,Unknown,Married,30,-1,3,4,-1,4,1,47312,68459,75245,87668,14907,63569,46432,46995,6139,14235,25669,31031,0
401016,Male,Others,Single,29,2,4,3,3,3,-1,70044,30558,77598,61096,77824,38414,13181,28344,46520,45,2761,40055,1
269970,Female,Others,Single,32,0,4,4,3,1,1,31779,87004,45801,74111,98731,27860,40890,2434,14098,10126,23257,3083,1
537765,Male,Graduate School,Single,53,4,2,-1,1,2,1,29888,39030,74924,72367,84430,29460,12261,49493,10258,38492,14301,20202,1
798634,Male,University,Others,52,0,-1,0,2,1,-1,25025,35636,46359,48818,98941,94077,31435,16491,19385,33748,49621,48934,0
123846,Male,Others,Single,54,1,3,0,2,0,4,7060,68326,27036,62623,89291,58970,30090,39588,38767,21931,8500,20075,0
254000,Female,High School,Single,39,2,3,1,-1,2,1,32216,89956,4318,67348,18780,53584,31568,21477,5074,3294,6017,44939,0
283994,Male,Others,Single,53,-1,1,4,2,1,1,72197,58051,62371,34243,3677,63286,4770,46381,25008,19938,22342,13856,1
769981,Female,High School,Single,68,-1,2,4,4,3,0,99800,96751,53714,22357,45548,69309,36968,37994,21932,30925,6847,48895,1
668166,Female,Graduate School,Others,36,4,3,3,4,4,0,63617,62566,29544,67636,6122,36812,9339,7802,20731,7729,8980,45748,1
366512,Male,High School,Others,70,-1,2,1,0,3,2,70421,50159,19823,84321,49794,93359,44741,12872,38887,44684,16674,46307,0
796617,Male,Graduate School,Married,70,1,1,3,4,3,3,-574,65809,48828,36783,294,44977,31842,10716,13083,49409,33197,35833,0
34718,Female,Graduate School,Single,43,3,-1,-1,4,2,4,24491,55025,15978,50703,47070,41088,47109,28107,11825,36811,597,7954,0
721562,Female,Graduate School,Others,46,-1,4,-1,0,3,2,18553,25680,27460,87557,39555,10630,25866,10552,7050,10202,40818,35001,0
690575,Female,High School,Married,65,4,4,4,4,4,0,11918,11434,43111,63882,7555,41075,44838,13465,22326,43553,37295,14164,0
431541,Female,High School,Married,74,0,0,1,4,-1,0,11513,61185,2324,64923,1116,61244,35468,5920,31368,6951,34325,48338,0
140293,Female,Graduate School,Single,64,-1,0,2,0,4,-1,15830,45096,87088,21248,9547,9100,48045,41568,11149,16636,23173,42744,1
394486,Male,Graduate School,Married,61,-1,0,0,1,0,-1,58254,46471,54578,63748,11710,64242,25249,5468,43745,22084,24439,49023,0
681366,Female,University,Others,57,-1,4,1,0,4,0,43695,55004,1934,30454,67097,28103,29890,15125,8412,42172,33440,5628,0
759440,Male,Graduate School,Married,29,4,2,1,0,1,1,29171,73940,4033,77728,92228,33096,43935,14077,26736,6296,35622,36936,0
436185,Female,Unknown,Married,50,3,0,-1,4,-1,2,1250,39579,5086,1380,37807,68659,43331,27217,48276,14026,17962,20396,0
611108,Male,University,Others,33,-1,-1,0,3,2,0,55263,9487,36101,36103,39636,98615,5184,40464,21039,18586,17816,6308,0
430871,Female,University,Married,68,3,3,1,4,1,4,61114,74925,42945,93389,30086,76766,37064,43307,21561,19225,38289,35082,1
760039,Male,University,Married,62,3,2,-1,1,4,0,78144,93921,91475,98584,95091,10807,24432,2739,26820,33038,8232,9655,1
91234,Male,Unknown,Married,36,1,4,-1,0,1,-1,1681,59628,17894,-257,54417,55723,15366,13845,20192,30204,4479,21631,0
663570,Female,University,Married,66,0,-1,4,-1,3,2,62503,99568,60113,39124,34310,33951,31962,5060,40642,19523,19317,2914,1
503622,Male,University,Single,77,-1,4,4,0,1,2,82321,47133,3687,12128,38488,14427,42447,24861,48145,10371,17698,44484,0
281246,Female,High School,Single,22,-1,2,1,1,1,3,2407,95925,1887,78102,52172,-847,9159,10662,49931,41804,37046,44332,0
244501,Female,High School,Others,51,-1,2,1,2,4,0,38529,82530,2043,49220,81803,53734,3012,8685,40653,28329,23291,42301,1
660616,Male,Graduate School,Married,77,3,2,-1,4,0,3,47901,8610,17015,57352,172,62813,18736,17401,37499,28429,34663,20318,1
94079,Male,Graduate School,Others,71,2,1,4,3,4,-1,16427,82706,16789,44653,38806,65351,4409,3490,47780,45275,46678,2701,1
401313,Female,Others,Single,63,0,3,1,3,2,3,20747,52551,55784,45072,86515,119,23005,2814,31379,3623,11488,4044,1
628725,Female,Unknown,Married,39,4,0,0,4,-1,1,12555,12869,5115,40302,52826,59612,35611,42949,24339,21378,5404,49185,0
613858,Female,High School,Married,31,-1,1,-1,4,3,0,92130,84402,27821,76011,79221,83075,32154,47448,40334,9294,41294,34913,0
626944,Male,Graduate School,Single,34,2,3,-1,1,0,0,64927,87466,21879,81550,27544,36933,49649,37682,35048,750,12425,7487,1
207937,Male,Unknown,Married,67,2,4,1,0,-1,2,69355,74605,52642,97601,25738,65745,46613,10558,14360,24123,5593,12997,0
390445,Female,University,Married,45,2,0,1,-1,-1,3,22263,47954,59780,30898,42635,62810,32349,13653,30096,43327,45543,48562,0
706780,Male,Unknown,Single,27,0,1,1,0,0,2,70520,73107,48157,95080,25670,87348,11620,44410,32038,8014,2676,49556,0
166454,Male,High School,Others,35,2,1,0,0,3,4,70899,21979,31717,16889,58665,98410,34673,26232,40887,42732,24476,37479,0
48795,Male,Others,Others,50,4,-1,-1,-1,2,3,4127,10492,59262,9952,23688,79521,32477,27318,3508,29259,5265,34692,1
61425,Female,High School,Married,79,-1,1,2,3,0,3,60453,59920,39971,44985,54840,29022,15372,49741,2118,46897,29569,24005,1
591690,Female,Graduate School,Single,51,4,2,0,0,0,-1,57389,94826,70040,50977,71078,26372,14741,41594,45015,44230,47512,6023,1
465755,Male,Graduate School,Others,44,-1,4,0,2,0,3,11512,93257,73185,73106,89903,77101,30666,28616,14360,48046,42493,35670,0
741563,Male,Unknown,Others,75,1,1,4,2,3,2,62722,96379,91384,59139,25939,26235,34308,24783,36213,12392,17492,42557,0
375271,Female,High School,Married,45,3,2,-1,1,0,4,3037,75118,62823,7897,51385,65573,23573,18617,31957,41466,36629,15747,1
773011,Male,Graduate School,Others,28,2,3,2,1,0,3,92159,22409,23742,17798,80301,67869,18382,25552,31260,33096,21512,48270,0
213567,Female,University,Single,50,4,3,-1,-1,1,3,5854,64162,80211,4656,-857,81333,31614,26640,35586,14643,4954,17629,1
629405,Female,University,Others,56,3,2,0,-1,1,0,24733,71569,99277,24346,51839,27718,17716,17697,27907,43663,1112,8631,0
271712,Female,Others,Single,70,3,-1,1,1,1,0,84169,23077,25520,11193,70337,72440,19750,24553,49828,20271,1112,29203,0
474962,Female,Unknown,Single,34,3,-1,-1,4,1,4,92739,59428,13833,4147,26151,99243,9764,12541,43102,15386,43226,46359,0
743413,Female,Graduate School,Married,49,3,3,-1,0,0,0,33311,25455,50347,76192,86172,81575,14366,17354,9605,28822,16733,43784,1
197350,Female,Others,Others,47,3,4,1,4,1,1,16175,26385,60475,12429,53770,14555,7229,37474,6363,39084,36730,49267,1
350300,Female,University,Married,73,-1,1,2,3,-1,0,89548,-153,72110,41191,85405,71993,5340,39357,25481,10962,18307,20884,0
439960,Male,Others,Others,70,0,3,2,2,2,1,86090,75699,7143,82366,71873,30488,40294,49057,38155,12131,45460,33064,0
360484,Female,Others,Married,56,2,3,-1,-1,1,4,54195,52213,88472,27764,23535,17863,28240,31715,46573,35861,24443,40460,1
40568,Male,Graduate School,Married,54,2,2,1,1,3,1,27090,8704,86005,62628,96821,90459,3454,42439,22133,6953,23712,19332,0
281056,Male,Graduate School,Married,41,-1,-1,4,2,2,4,62479,43862,47538,1402,41980,21305,3816,9362,46145,27500,42,8127,1
697887,Male,Graduate School,Others,58,4,4,-1,4,4,2,44636,30849,62795,4642,61623,96211,5637,13171,22720,13856,44505,18989,0
322570,Female,Unknown,Married,31,-1,2,1,-1,4,0,37866,70868,81159,82746,7116,35374,46696,3185,27967,17004,5877,22861,0
382507,Male,Others,Single,53,3,3,0,-1,-1,3,97248,4648,76166,6918,84650,4203,34128,7264,48674,38958,26881,24305,0
240066,Female,Others,Others,35,0,0,4,0,2,-1,52934,30793,16239,16476,57092,60182,5974,48509,12183,9823,5974,17478,0
263007,Female,Unknown,Single,32,2,1,1,-1,2,3,72334,84240,95559,20061,46515,94604,49715,25975,10414,44366,15518,46021,1
504957,Male,University,Married,44,4,3,-1,3,-1,0,52111,83377,26240,49034,12998,30767,39069,15529,111,31609,15491,30778,0
12355,Male,High School,Married,70,1,2,3,-1,4,3,85284,92574,-447,97427,29279,36772,22540,39218,3379,42797,48686,29387,0
106429,Male,University,Single,57,-1,0,2,3,1,0,716,2450,23518,51642,64150,54620,13497,16582,3151,4935,32344,5101,0
720093,Male,Unknown,Married,31,1,0,-1,4,-1,0,35404,7418,12612,29429,51096,15699,49885,36016,40413,30514,13356,1074,0
469501,Female,Others,Others,76,2,3,1,0,3,3,43324,47718,75673,92706,52955,31293,25328,1147,8604,9752,44352,16399,0
488187,Male,Others,Single,73,-1,4,4,3,-1,1,72406,33575,63459,37565,49360,86983,45203,39518,45028,16270,46069,34295,0
448949,Male,Graduate School,Others,39,2,-1,4,4,0,2,55513,96260,24804,97906,51885,21425,46981,32029,2651,39481,46273,32479,0
121151,Male,Graduate School,Others,74,-1,0,1,2,4,2,78218,32186,40154,19215,97517,83181,29692,4706,29631,22458,30213,3199,0
310670,Male,Others,Others,21,4,1,2,-1,0,2,21055,25451,39106,40264,94325,81764,19358,29592,16308,23065,12817,11433,0
337521,Male,Others,Married,37,2,2,-1,1,4,2,44133,2155,97041,55098,13905,33282,39482,30574,24761,41003,11560,26179,0
185477,Female,Graduate School,Married,60,1,2,4,1,4,-1,72916,8110,54146,67764,95474,98412,3986,4035,9768,45652,15860,40568,1
442058,Female,Graduate School,Single,75,0,2,4,3,2,4,70262,88284,8617,92271,62706,86043,43675,49008,3158,28693,16896,43996,1
596076,Female,University,Single,36,4,3,3,0,1,0,6557,28448,14398,8443,11300,49882,1785,26858,23775,16237,22497,13491,0
514898,Male,Others,Others,46,4,2,0,3,1,-1,96304,97122,1693,38276,17202,67721,16268,9917,36845,28897,16566,10977,1
585817,Male,Others,Married,78,-1,2,3,4,4,2,88702,84738,29971,30711,68030,16622,14845,25893,32818,20853,16258,34760,1
122833,Female,Unknown,Married,63,1,1,0,4,4,2,34486,44231,66507,43677,65021,4455,19017,29456,15485,33795,34869,39239,0
113578,Female,University,Married,79,2,-1,4,3,0,3,50557,34399,53554,58475,83935,34692,39848,31561,45410,9024,42064,5822,1
193455,Female,High School,Single,71,1,4,0,3,3,2,39655,19058,79078,76011,35247,5796,40582,3968,47466,11585,16543,22828,1
515527,Female,High School,Married,76,4,3,-1,2,-1,0,61398,69166,73227,35057,5929,57534,14033,11281,31255,14092,30679,40186,1
573465,Male,High School,Others,63,-1,3,4,4,4,2,93042,71404,77990,38764,44174,21423,42765,37822,21787,45427,44417,12805,0
651191,Male,Graduate School,Others,35,1,2,4,2,4,2,88638,99133,85034,3844,27603,26007,11555,46253,24611,7800,5568,39173,0
573344,Male,High School,Others,28,2,1,0,3,-1,-1,62823,74391,68309,23630,44967,47121,28935,27004,24852,17772,41697,18522,1
491465,Female,Unknown,Married,50,3,0,1,0,-1,0,73630,47698,84567,84132,3937,92006,23819,23671,38583,7672,43271,4289,1
600709,Female,Graduate School,Others,34,4,2,0,-1,3,1,83801,44379,39677,19553,97967,95382,49063,37631,48793,38200,19052,25663,1
698992,Female,Graduate School,Others,53,0,2,0,4,3,3,22094,89196,67402,94204,49175,49261,27631,14431,7153,42229,44013,13605,0
311829,Male,High School,Single,62,0,3,2,1,-1,1,12353,96275,48838,42915,77610,78445,41175,44853,39093,49909,36148,44996,0
218294,Male,Graduate School,Single,27,4,3,2,2,4,4,60850,2812,97104,14164,64772,99234,36713,6174,5931,26364,19499,8417,1
78590,Female,University,Married,38,3,2,-1,4,4,-1,44953,16270,66603,58288,22070,26692,28902,18528,27040,8043,24776,8636,1
281121,Male,University,Married,32,-1,3,-1,-1,-1,2,79709,22978,21291,16025,10476,46049,1725,26069,48793,5192,1307,10573,1
346216,Female,High School,Married,22,1,1,1,2,4,3,32411,10531,27497,3839,84263,81542,42160,33472,17272,19217,10386,12233,1
418286,Female,Unknown,Married,70,1,0,2,4,3,4,10264,27783,30969,37937,51369,17721,15037,9960,403,40463,21943,27710,1
485689,Female,Graduate School,Married,49,3,0,3,2,-1,4,32445,59019,41084,72191,17339,74658,17924,33837,12801,35829,11667,1902,1
509203,Male,Others,Single,41,3,0,-1,2,3,0,14931,12236,95994,45660,21539,33026,38610,44834,40744,39796,21190,45552,1
544299,Female,High School,Single,27,2,2,-1,3,4,3,41059,29093,15677,64597,56079,3501,49664,26859,27064,27368,9961,44614,0
189111,Female,Graduate School,Single,72,2,4,2,3,4,4,1650,68683,29245,32260,-772,72376,40039,40496,3985,45621,19639,3603,0
412112,Male,High School,Others,47,0,2,2,2,2,-1,68005,17515,52312,95200,53090,6289,46952,22864,16260,19627,35362,26058,0
367479,Female,High School,Others,32,-1,2,1,2,0,2,42024,92806,34314,22206,85980,74696,10544,6428,29941,45357,17616,21836,1
443174,Female,Unknown,Single,40,-1,1,2,1,0,-1,10592,1759,7267,54763,64202,59639,28408,8960,27615,49055,4967,48118,0
445128,Male,Others,Single,77,3,0,0,-1,3,4,55238,24316,38812,82059,92524,82943,8173,47798,29741,7657,41534,8436,1
10814,Female,Graduate School,Married,34,0,3,4,-1,-1,0,42831,67412,2775,20874,22199,6190,46992,47642,6549,34492,16465,43071,1
478492,Female,High School,Single,30,0,3,3,0,0,1,42390,44480,75924,5794,80628,74972,38856,44683,22530,9125,48166,4048,0
427935,Female,High School,Married,61,2,-1,4,0,4,2,70220,12332,74802,16639,11451,50678,45406,8451,5128,33322,41245,17188,0
292294,Male,Graduate School,Single,43,1,-1,0,0,1,2,50839,74439,62078,34263,78527,62772,33570,23030,12801,24579,12182,24427,0
13825,Female,High School,Married,50,-1,4,0,3,-1,-1,12457,48207,24875,50407,11669,93515,45506,39503,48365,34052,19929,1760,1
584656,Female,High School,Single,67,0,3,4,3,3,-1,71132,42819,94803,40961,71410,89456,5388,48394,33057,12260,47087,29961,1
418016,Female,High School,Married,78,2,0,0,1,4,-1,79687,57150,46589,65661,93789,35440,23923,26163,48442,21360,22830,39073,0
85535,Male,University,Others,51,2,2,-1,3,4,4,6074,52902,2534,84801,61885,10260,31781,31741,10505,15929,20685,27692,1
96390,Male,University,Others,72,2,3,4,0,1,2,97795,8198,66589,52257,22989,17297,48973,24659,12370,44580,16478,14092,1
514484,Male,Others,Married,76,1,4,0,4,3,-1,51653,14732,38880,10736,83739,1445,33669,20889,12028,29081,30071,40984,0
233923,Female,Unknown,Married,30,0,4,-1,2,-1,3,56344,85023,17083,32914,67525,7976,6876,5275,14593,46826,32904,46974,1
639364,Male,Graduate School,Others,39,3,3,2,0,4,4,51808,54419,60807,48938,71674,82407,20542,22855,26159,30984,15988,20779,0
740377,Female,Unknown,Single,39,3,-1,3,1,2,4,52919,781,50670,58395,33761,20275,18172,47041,42629,6158,31422,5344,0
189577,Male,Unknown,Married,64,2,0,3,2,4,3,31979,77948,74465,79338,93453,92960,20984,42599,29621,24663,10441,8265,0
787765,Male,University,Single,43,2,3,0,3,2,3,45412,49141,53720,63208,34813,53386,31664,18777,10438,12386,29614,46195,0
592187,Male,Others,Others,79,1,2,3,2,2,4,68258,96090,41890,78757,70729,79507,43272,22624,33415,21487,15609,14916,0
748142,Male,Unknown,Others,64,2,2,-1,4,-1,2,10709,60277,38600,68385,15157,64985,1699,18614,19538,26216,3670,40649,1
151749,Female,Unknown,Married,61,4,1,2,1,-1,-1,41925,55704,40329,64285,82912,79643,11342,44358,33033,216,9537,12262,1
432768,Male,High School,Single,79,0,2,0,3,1,0,15687,30485,96619,21814,84519,33195,5749,20131,3488,39321,21028,44122,0
794609,Female,Graduate School,Others,52,2,3,1,-1,4,-1,64066,53351,2739,45767,51739,63168,35761,895,15332,41150,9191,13873,0
753218,Female,Others,Single,40,2,3,4,0,-1,2,35540,25654,19757,3616,98609,67131,10734,41620,11109,29910,48101,30579,0
471107,Female,Graduate School,Others,24,0,2,3,4,-1,3,17165,32145,32107,89100,63156,50428,1594,11041,19162,37480,27813,47011,0
503915,Male,University,Married,53,-1,-1,3,4,1,2,45889,50529,1862,65251,87283,70301,19825,10617,21340,7194,9216,4187,0
133355,Male,Unknown,Single,68,4,0,0,0,1,-1,61055,45378,81533,98947,30626,56587,15238,1110,24594,33973,14255,11111,1
174364,Female,Unknown,Single,21,4,4,4,1,4,2,28194,15665,16487,64659,3459,99416,45819,39591,11793,35410,21841,10986,1
138424,Male,Graduate School,Married,33,3,3,4,1,3,0,40767,61475,27353,82693,69623,43268,28248,9350,20850,44190,12578,34178,1
135451,Female,University,Married,23,2,2,3,4,0,2,54891,77462,7984,90033,49071,73673,40676,2137,23936,22757,20550,31547,1
338241,Male,High School,Married,32,0,4,3,0,4,1,55425,83839,22130,66713,13898,78807,2902,31207,46906,27423,4203,36380,0
739063,Male,High School,Married,49,3,2,1,2,0,2,10382,46802,72794,55041,40001,81946,47434,13107,3827,12817,48617,23723,0
681544,Female,Unknown,Others,75,1,3,4,-1,3,-1,93154,76892,77038,63003,13758,74251,48567,1840,29290,36123,34601,4780,0
230408,Male,Unknown,Single,51,-1,1,-1,-1,2,1,85123,38752,36279,16887,46238,68228,7405,28240,33410,28742,5384,37235,0
338885,Female,Others,Others,61,2,0,0,1,4,3,65889,35362,39080,45811,14121,67585,39815,43870,46790,48631,49050,38123,1
595665,Female,Graduate School,Married,56,-1,3,0,1,-1,-1,72907,49990,11839,14109,82202,92433,18723,33510,816,46294,35018,25641,0
415255,Male,Unknown,Others,22,2,4,1,2,1,4,73608,46126,92907,55246,45270,54298,4521,3160,34959,34932,20018,13460,0
579449,Male,University,Others,42,2,2,1,1,4,0,69234,77160,53557,62387,96535,92418,43302,37309,22310,32867,26074,31519,0
700366,Male,Graduate School,Single,42,2,1,-1,-1,1,2,18184,38338,97874,90964,46851,88504,37696,40449,35436,16983,6119,20379,0
158616,Female,Others,Single,61,-1,3,2,0,2,2,5902,92004,40499,1124,59909,38866,49651,23391,44587,25435,16952,44718,1
547275,Male,High School,Single,51,4,0,0,4,1,-1,19647,95464,4356,66949,47915,47378,20011,20189,11783,22168,37969,8802,1
539527,Male,Others,Married,72,1,1,4,-1,2,2,48374,89326,81036,19771,47993,61519,9036,25616,7559,6438,28835,7645,1
579073,Male,Graduate School,Married,76,4,4,3,2,3,2,28140,20114,74926,5089,33888,23636,44623,14295,42890,48304,21409,36983,1
33358,Male,High School,Single,65,0,2,-1,0,2,3,60717,93630,28778,4833,91794,93286,48813,40876,30200,48259,17676,1838,1
386903,Female,University,Others,34,0,-1,0,0,0,2,99541,1120,62192,14748,12893,10590,9252,42615,7008,29676,29878,38416,0
485890,Male,High School,Single,49,4,0,4,4,4,2,50730,-215,51183,48308,85416,96987,42380,47036,41488,44851,4275,6684,0
197522,Female,High School,Married,55,1,1,-1,-1,2,3,94757,55925,84376,41083,30712,92890,31115,47789,36830,27257,32733,26671,0
229592,Male,University,Others,70,1,3,2,0,4,4,33546,65473,28980,20387,28943,18990,13878,17951,45394,38610,7963,6944,1
169500,Male,Unknown,Married,29,2,3,4,0,3,2,16004,28969,34819,70289,4306,5669,10139,18194,23276,15939,2645,40382,1
19096,Male,Unknown,Single,67,2,1,0,1,2,4,48073,64236,13065,78674,64461,15773,27987,40642,44543,23564,41431,22083,0
57582,Female,High School,Single,74,0,3,3,0,3,3,57557,92823,9559,702,92836,14648,4590,37891,7502,43200,7837,40953,0
722755,Female,High School,Others,52,2,1,4,2,0,0,52206,15297,72969,33433,23107,69152,36242,43976,19184,40510,15404,23536,0
471373,Male,Others,Single,79,2,0,0,0,-1,2,11505,21816,7656,20773,9709,8867,2973,14868,10790,36678,25107,6182,1
635782,Female,Unknown,Married,76,1,3,-1,1,3,-1,55618,69070,42210,11425,97017,64788,37813,26070,21633,11773,42949,472,1
341628,Female,University,Married,47,-1,0,2,3,-1,1,86350,8529,60988,37575,13914,97018,17422,15597,36961,42136,49760,25732,1
797719,Male,High School,Married,30,4,2,4,3,3,0,36031,21013,30477,83031,95711,72588,46109,25180,25368,13334,31150,37187,0
719870,Male,High School,Others,45,3,2,-1,2,2,2,42787,29089,28529,19098,27412,84086,15388,41437,27045,28701,7525,41011,1
558190,Male,Others,Married,69,3,2,-1,4,-1,-1,99544,5171,17262,71519,64326,41674,18171,23664,45135,11632,42042,39859,0
328332,Male,Others,Single,65,2,2,1,4,3,1,13577,40229,64087,20494,15151,97999,14495,38620,4383,22204,25550,16284,1
385038,Male,Others,Others,53,2,3,-1,2,4,3,61625,16874,36649,75752,63690,58437,47773,37473,43854,47413,37087,45988,0
424380,Male,Graduate School,Married,31,4,1,4,0,3,2,7043,37809,52788,1397,4009,86843,28943,141,26345,13932,6953,10375,1
142844,Female,University,Married,57,3,3,2,0,-1,4,33130,58465,50686,25770,84782,42532,41379,47765,35918,48528,28730,38646,1
194126,Male,Graduate School,Single,29,1,4,3,3,4,4,91950,58024,41865,37222,48280,6865,14335,4655,20742,1376,37895,43176,1
661088,Male,High School,Single,27,3,3,1,3,3,3,58846,20153,35577,49707,60818,49657,20968,30927,23250,25147,21304,48709,0
769864,Male,Others,Others,27,3,0,-1,-1,-1,0,50392,27429,73299,80721,59530,43628,22703,43530,2577,12353,29077,26399,1
330437,Male,Others,Married,54,3,1,4,3,0,4,53673,56753,86525,92737,345,11705,36070,28602,4880,11916,49765,20839,1
484514,Female,Others,Married,39,2,-1,0,3,1,1,5744,5641,88653,75637,75164,45057,33563,38157,4305,21043,38739,23788,1
541501,Female,Unknown,Single,40,2,-1,1,2,0,4,49390,41401,63327,48033,38900,30786,38205,25785,26740,41139,28119,49219,0
287085,Female,University,Others,70,4,1,2,-1,-1,1,38260,88075,59052,69038,85562,63383,19193,33575,14951,31263,41343,12006,1
419180,Male,Graduate School,Single,62,3,-1,0,4,2,4,52760,24367,35409,64879,28289,64179,16850,7388,19532,725,24987,9365,0
36855,Male,University,Single,45,2,1,2,-1,2,3,2470,20726,27080,77475,28432,36422,12727,26704,12602,6269,6038,6056,1
535334,Female,Others,Others,25,4,0,0,0,1,3,30643,3677,27195,66080,84143,77754,15415,37272,22538,49233,2775,45276,1
744474,Female,High School,Married,68,3,0,3,0,-1,4,92347,4139,65192,14950,63140,43237,49424,33741,40828,31962,7477,11722,0
426584,Male,Unknown,Married,49,1,3,2,-1,4,0,3201,56766,14609,68532,18860,88809,10941,35706,5126,43978,6374,17060,1
388997,Male,University,Married,75,2,-1,0,-1,3,-1,69887,23696,18535,95081,4097,49450,15218,31401,18330,17589,2283,7223,1
104135,Male,High School,Others,47,-1,1,2,0,0,4,79863,50372,3110,47787,26114,28792,36257,85,13242,28543,17046,31573,0
605543,Male,Others,Others,45,4,0,1,2,4,2,26340,85049,6207,87768,59198,75978,49120,24107,34340,47541,13891,39319,0
222568,Male,Others,Others,57,2,3,2,2,0,-1,92716,75693,61544,59162,12473,80043,28444,42756,28932,32411,20525,31188,1
754502,Female,Others,Others,35,1,-1,4,2,1,4,12488,56414,47637,89150,62634,62871,3651,14439,13823,46023,41181,20323,0
781224,Male,Others,Others,74,1,-1,2,2,1,1,94910,11832,32074,94551,23831,74992,23519,25035,16583,30385,751,20722,0
418840,Female,Unknown,Single,68,2,-1,0,0,1,2,4413,72741,40664,61926,21106,59197,38154,15075,4068,6673,14491,10127,0
245787,Male,Unknown,Married,24,0,0,2,1,4,0,39200,4425,85412,3986,75145,10899,24281,30395,8281,22156,27742,23041,1
378522,Female,University,Others,34,4,0,3,3,4,-1,59179,2900,73405,77485,58097,31244,19793,18892,49742,29856,48736,9384,0
368565,Female,Others,Married,76,3,-1,-1,3,1,-1,21355,76347,96225,84343,69282,64179,34687,15711,6198,14222,35922,43582,0
281367,Female,Unknown,Others,69,3,0,1,3,4,2,12831,72998,42872,73756,29384,22584,19316,28464,22415,38910,39486,13744,1
259048,Male,High School,Married,37,1,-1,4,3,1,0,88357,28134,11185,-765,61754,10020,8379,44220,41051,35749,43096,665,1
60044,Male,Unknown,Single,41,2,2,0,0,4,4,75962,81442,19878,6993,51563,31983,46554,47972,44617,28421,24228,30557,1
619288,Male,Unknown,Married,36,0,0,2,1,1,0,63310,1817,396,90080,15459,13251,207,22216,26679,45612,31628,21246,1
737362,Female,University,Married,46,4,1,2,0,3,4,35396,69486,2460,13836,30288,70780,73,13442,12348,21690,18757,9793,1
303172,Female,Unknown,Others,29,-1,0,2,1,3,-1,61356,34607,50314,69760,35379,31947,24427,37034,43124,32097,10525,7452,0
67965,Male,High School,Married,22,3,-1,1,0,0,4,49920,88809,44389,82150,72537,50838,47777,42313,16973,36214,24790,187,1
244466,Female,Others,Single,63,4,1,4,-1,0,-1,37120,72027,93556,32006,74720,53731,40329,33959,20022,26066,10063,27943,1
79776,Female,Graduate School,Single,35,4,3,-1,1,1,3,92621,72550,6676,90966,11949,15760,10811,49135,49937,35056,29767,40458,1
303603,Female,University,Single,55,0,1,3,3,0,2,46786,6691,36312,20308,43338,72581,9241,26108,24459,22240,5327,25942,0
100932,Female,High School,Others,44,4,1,4,1,4,0,16925,64978,2148,64587,70655,63646,4969,26492,46153,8239,32501,27225,1
690049,Male,University,Others,68,3,0,3,4,1,1,45006,21778,11272,25731,34162,17211,40472,15870,45076,48238,44410,40158,1
483662,Female,Others,Others,73,2,4,4,2,3,2,66627,56154,65363,74108,33184,23156,5889,9439,10080,4008,34432,16718,0
340126,Male,Unknown,Others,71,3,1,0,1,2,4,9842,95415,1655,65592,61662,22961,26457,5921,36813,15954,49553,23999,1
406562,Female,Unknown,Others,74,-1,1,-1,4,3,3,74459,91195,42105,89133,72379,43186,40787,29208,20168,40039,41571,48742,0
186251,Female,High School,Single,58,2,-1,-1,2,-1,2,78363,47788,54863,7498,25805,17711,8706,19895,17561,25038,48303,10576,0
649061,Male,Others,Married,34,1,0,1,4,3,-1,23126,92039,60045,44066,7431,90614,38687,29215,34045,5193,12644,47458,0
341822,Female,Graduate School,Single,57,0,-1,4,2,-1,2,72819,8413,44517,45718,82697,78046,11520,38509,31892,7734,31097,16739,1
222678,Male,Graduate School,Others,57,3,0,2,-1,0,4,69390,76177,73227,88529,27836,28520,279,32356,2965,47105,13627,4327,1
384635,Male,Unknown,Single,26,2,3,-1,1,3,2,57074,42400,42638,17993,61393,89864,27562,13461,32438,24305,26481,3338,1
492504,Male,Others,Married,38,4,4,4,4,2,2,36817,28899,73789,11485,3146,88504,25131,40792,8493,36308,40597,795,1
222243,Male,Others,Others,42,2,1,2,-1,4,4,4557,91474,72061,68136,83551,23825,40229,24256,2344,30539,30794,16573,0
490970,Male,High School,Single,38,3,0,1,3,3,1,3432,44463,78089,82885,29762,71808,27955,22883,40426,41993,29794,12335,0
369553,Male,Graduate School,Single,71,1,1,4,1,4,3,11006,-106,53322,45123,42970,36504,290,48916,45828,25163,31630,41773,0
320719,Male,High School,Married,22,3,1,4,0,3,2,28989,34021,3222,45264,69976,38238,37648,45800,37931,40193,5874,14271,1
317183,Female,University,Others,52,1,2,0,0,3,2,57043,94472,90238,71068,84309,90001,11065,30671,19599,38520,1106,43062,0
715315,Male,Others,Others,37,4,-1,4,0,4,1,36788,95296,50141,44606,47343,45883,15402,40927,27891,23360,46884,44370,0
90260,Female,Graduate School,Married,21,3,4,0,4,4,0,63167,99314,9716,35346,76804,29642,24367,46075,40955,35542,13893,48129,0
590159,Female,High School,Married,29,2,0,2,4,1,2,51166,87777,59644,34311,24790,71056,24107,37396,45474,33243,8419,47327,1
201750,Female,Unknown,Married,33,-1,3,2,2,3,4,25887,45442,87499,86004,18945,27299,40736,39284,16445,20724,32427,10442,1
655061,Male,University,Married,56,-1,4,-1,0,3,4,21632,93302,86424,41262,20925,43046,18006,3483,33625,10931,40908,34826,0
434567,Male,High School,Others,57,4,2,1,3,2,2,95479,85555,68716,52166,6658,83663,13029,10130,25113,20967,38787,38838,0
594981,Female,Unknown,Others,78,2,-1,0,4,4,0,92602,26791,382,38075,24191,3576,19935,6157,17724,27476,21024,47772,0
84797,Male,Graduate School,Single,50,-1,3,-1,1,4,4,65513,88728,61225,35382,36426,6183,20562,39126,30532,42785,24819,25796,1
220087,Female,Graduate School,Single,51,4,3,3,4,-1,2,85130,93716,78898,77675,71957,58100,3275,5139,45751,29424,42209,42587,0
758141,Female,University,Single,43,1,1,-1,1,-1,2,38802,42520,63347,54223,8322,75350,42971,17311,25393,44716,22755,35148,0
725475,Female,Unknown,Others,70,2,-1,2,4,4,2,33026,28899,3167,3806,55613,25352,5257,42471,27683,5023,49595,30872,0
612651,Male,Others,Others,48,1,2,3,2,2,3,82217,46802,57373,48658,21014,60924,24658,39347,21399,29700,32660,25975,0
117904,Female,Graduate School,Others,79,2,0,-1,2,0,4,74706,77107,94823,28357,69891,47406,36763,13632,17358,38349,41574,41093,0
316844,Male,Others,Single,30,1,0,4,2,3,-1,71933,-629,80117,57877,74249,76132,38574,3038,37405,38253,28356,37819,0
649240,Female,Others,Married,45,1,2,1,3,0,3,29083,29193,90730,52155,63322,54552,28822,7219,20036,36334,47990,10355,1
349720,Male,High School,Married,56,-1,1,0,4,2,0,732,59747,47721,57051,19835,14544,45999,6500,18095,22744,38700,31810,0
553765,Female,High School,Married,46,2,1,4,1,0,3,1942,79922,27823,72147,99968,88675,36460,18105,49941,46293,49976,19093,0
288271,Male,Graduate School,Married,46,3,3,3,4,-1,3,58853,13464,59972,25904,89415,58418,1757,29278,26656,46014,11724,34047,1
227790,Female,Others,Married,65,-1,-1,1,-1,1,1,96084,82323,73963,75742,43939,56173,21339,27995,33348,17732,9127,49704,0
560337,Male,High School,Others,33,1,3,-1,2,0,0,8429,85522,75358,96486,9086,89110,22846,2825,26617,35125,42704,29364,0
532471,Male,Unknown,Single,37,1,0,4,0,1,0,94277,48025,53534,707,33283,85,40182,23054,41311,10277,12669,22715,0
546761,Male,Unknown,Married,60,3,2,2,-1,0,0,36268,93187,35751,73029,65119,95225,39972,43694,35070,5000,31935,26662,1
747605,Female,Unknown,Married,24,3,-1,2,-1,2,3,56676,85593,23121,50596,30860,35497,27915,41178,33841,29756,10878,12086,0
240582,Female,Unknown,Married,43,1,2,1,2,1,0,21517,28872,70736,73045,25622,85248,44617,41481,42991,37982,41481,29151,1
314608,Female,Others,Others,55,3,-1,2,0,0,4,62727,75248,79297,21290,48271,487,45170,16788,31766,13859,37705,43933,1
548002,Male,Unknown,Married,31,0,4,0,2,2,1,94485,63997,21126,83875,51436,73076,11344,13077,7561,11734,34644,39640,0
333022,Male,Others,Single,32,-1,0,1,2,4,2,27899,81927,60581,18311,39676,23989,23232,31013,30371,18830,36800,39687,0
369625,Female,Graduate School,Others,29,2,0,1,0,-1,3,14068,92458,87631,49009,51406,80491,33493,6158,45328,9792,2205,32369,1
222875,Female,Graduate School,Others,35,3,4,2,-1,3,2,64701,-333,25123,47175,62109,91565,32079,20805,31412,19461,24401,4158,0
106988,Male,Unknown,Others,65,3,-1,1,-1,2,2,77408,15325,50036,1720,29173,39105,33875,37834,18266,22439,33314,33722,1
277280,Female,Unknown,Married,57,0,1,-1,4,2,3,85752,65982,77855,34790,80791,45369,29558,10027,4345,8098,43513,14432,0
108115,Male,Unknown,Married,25,2,-1,3,0,-1,4,94742,14890,14590,73404,3459,6102,11017,32925,17644,10428,24742,13723,1
41516,Male,Graduate School,Married,39,0,0,4,-1,1,3,28269,25483,45265,80285,86485,65545,29481,22295,7047,42646,2069,46921,0
349126,Male,High School,Married,31,2,2,3,3,0,0,93800,91479,53324,89328,66504,19766,26777,42581,231,21139,31331,43537,1
467094,Female,Graduate School,Single,29,-1,3,4,2,1,1,11219,91217,66720,76428,34299,62794,20732,28253,47531,12315,29519,21949,0
55099,Male,Unknown,Others,55,3,2,2,3,2,3,83694,37085,21701,26472,94157,87625,47605,39811,9148,47780,48834,28364,1
547476,Female,High School,Married,70,-1,0,0,3,4,2,58043,40000,71539,21442,50081,73509,29968,7921,37497,34769,15971,39636,0
771733,Male,High School,Single,47,2,2,0,4,0,3,24989,12025,40178,22802,73491,2079,23457,46853,42054,8326,23114,46688,0
645361,Female,University,Others,33,3,1,2,4,3,1,64263,28940,36118,53115,53428,85372,28520,17189,44889,34557,32784,30486,0
396221,Female,Others,Others,77,0,1,2,4,3,-1,41406,87299,24387,11721,91790,11167,824,25881,19920,28976,27282,27644,1
539848,Male,Unknown,Others,32,1,-1,1,3,0,4,92594,23701,56613,69387,53877,66722,31573,43154,4314,43502,2809,49088,0
514373,Male,Others,Married,29,0,2,0,1,2,2,88668,81697,45666,34757,27387,43279,37370,40003,25272,13011,45310,235,1
118763,Male,University,Others,62,1,2,3,1,4,-1,15830,40795,38135,35598,30084,8398,14467,16887,16690,11543,27835,32635,0
439613,Male,Others,Married,48,0,0,2,3,-1,-1,27050,89990,28554,27232,-99,60140,9926,24110,42983,48142,8519,28327,0
480409,Female,Unknown,Single,33,2,-1,3,2,4,1,31864,12115,92317,37171,29905,3518,23876,5183,3474,7062,42957,44603,1
395795,Female,University,Others,40,-1,-1,4,3,1,4,99730,38038,41146,25082,90630,44452,16734,19023,48026,29563,24921,18180,0
225448,Female,Others,Single,72,1,2,3,3,4,3,42677,55433,99037,90402,37733,48456,21586,8957,22232,32580,38360,47458,1
51430,Female,Graduate School,Married,33,2,3,0,4,4,-1,18641,45999,11988,939,29999,53290,30659,16620,24039,11866,2354,36241,1
453738,Female,High School,Married,47,-1,2,4,4,1,0,94911,73564,51119,30989,55584,35222,44245,4491,14104,10219,12463,5285,0
574685,Male,University,Married,46,-1,2,3,4,-1,3,12555,40484,15456,88245,693,5082,25410,42964,17786,41787,14648,40163,0
217932,Male,Graduate School,Others,49,3,2,1,1,-1,4,85646,6688,69578,72251,54647,98154,7894,38728,20760,7986,15241,42350,0
139189,Female,Unknown,Others,49,3,1,1,3,3,2,22235,22255,28214,72963,33897,21111,26563,34567,46716,9535,41503,15260,1
559535,Male,High School,Single,42,3,4,0,2,-1,3,27959,78747,72597,67322,35779,89606,44781,3387,44358,23657,19834,38297,1
161015,Male,University,Married,29,1,-1,1,2,0,1,39957,81088,60405,13454,365,18939,44631,16025,22193,39164,20089,11323,0
704820,Male,High School,Single,44,1,4,2,4,3,1,60601,45617,10034,377,7387,50826,37759,1446,22414,19511,47939,18595,0
576274,Male,University,Married,62,-1,1,4,4,2,2,63414,41108,86523,34523,70739,51582,2509,32899,16791,23455,40475,13169,0
316658,Male,University,Married,39,1,3,0,3,3,2,87634,40259,-123,29807,31918,47819,2672,39137,5680,24982,39811,35409,1
221980,Male,Others,Single,58,-1,0,4,2,4,2,14309,76049,96950,17467,4180,72076,19826,38360,14854,38344,2748,19612,0
601296,Female,High School,Married,51,2,3,3,3,4,1,13105,69569,61718,36177,29342,18533,4158,26610,12893,13788,42316,33694,0
692315,Male,High School,Single,59,0,-1,2,1,3,4,48813,65057,57100,11287,55246,46430,7807,36981,38271,42330,21643,5822,0
434018,Male,Graduate School,Others,35,-1,0,0,3,1,4,59833,95360,91777,47667,97634,2347,45056,29309,6224,41445,29980,19305,0
80408,Female,Unknown,Single,74,-1,4,3,4,-1,3,73208,77792,85213,11838,92222,47479,31171,32630,40373,23380,42326,43916,0
234155,Female,Graduate School,Single,52,2,3,3,-1,4,-1,29328,25293,8642,31065,51476,2949,24525,30434,27685,33130,6412,36595,1
154763,Female,Others,Married,71,3,-1,3,1,4,-1,62756,29607,99844,54259,49106,94413,26513,45394,28509,8133,27429,44405,1
381930,Male,University,Single,66,4,3,3,2,0,0,78614,11793,64143,91812,43649,15888,5797,34226,18476,3801,8377,46321,1
276897,Female,Others,Others,68,3,0,3,2,-1,1,36430,89413,97385,47867,71936,93814,33065,5298,49288,211,25342,32477,0
536121,Male,Others,Others,66,3,0,0,4,4,2,39583,35069,49483,35872,42908,72301,48911,18406,11062,4796,40871,15226,0
769592,Female,Graduate School,Others,49,-1,3,1,4,1,4,35029,85079,64293,63870,26817,29084,38848,34716,41938,40782,36683,23719,0
280789,Male,University,Others,77,-1,1,3,1,4,3,-595,26213,74450,9522,54512,35174,7746,22989,45875,23404,5341,36981,0
246192,Male,Unknown,Single,72,1,3,2,4,-1,4,53012,17663,95629,28132,75123,51669,23718,42580,1484,2661,40708,3719,0
387572,Female,Others,Others,54,1,4,0,-1,0,1,2560,41582,48508,39425,33812,62996,43261,45731,26990,26036,28161,20297,1
368121,Male,Unknown,Single,29,0,3,-1,1,-1,0,10575,63694,-421,4478,37413,42664,3938,12005,19760,12430,38633,12926,1
574312,Male,University,Single,55,0,3,1,4,1,4,76395,93526,11587,92873,87474,96527,24316,6861,6326,11548,17181,32250,0
782428,Male,University,Married,26,4,1,2,0,0,-1,95148,33449,65181,58355,18983,46634,34362,40039,33234,17477,23650,45429,1
643141,Male,Graduate School,Single,57,1,2,3,-1,-1,3,12153,12116,47470,50793,55026,69793,16334,10353,4933,46927,20040,36138,0
221670,Female,High School,Single,34,-1,0,0,1,1,-1,41077,97395,70799,4025,22425,98883,11557,40635,14539,7744,22736,30831,0
150707,Female,Graduate School,Married,67,2,4,0,0,1,3,26013,2706,14928,6764,4010,99991,35983,15630,33742,42693,9851,48533,1
685424,Female,Unknown,Others,70,1,-1,3,3,3,2,5690,15147,91345,66648,52142,37291,28880,4718,45678,34319,32805,31219,0
544228,Male,Graduate School,Others,69,-1,0,2,-1,4,3,86251,98264,42591,68036,72384,8910,44257,36918,5187,9525,34746,23202,0
350791,Female,University,Single,29,1,0,0,3,0,2,60053,19543,30901,94062,86565,29604,9673,16907,39780,9056,14429,22290,1
250739,Female,Others,Married,39,3,2,4,0,0,1,65277,98147,92411,30521,43974,19883,4379,35249,46789,25862,15592,10115,0
579488,Male,High School,Single,43,1,0,1,2,4,-1,75967,7895,7499,39392,46346,92738,44634,4484,2651,20539,31558,21522,1
197401,Female,University,Single,77,4,0,2,2,-1,3,6181,61058,-767,27807,80726,52726,48613,23194,18183,4617,30961,35859,0
454374,Female,Others,Others,61,3,1,3,4,3,3,30305,21412,16418,61201,48113,55017,32721,23886,14963,34311,43689,9968,1
695099,Female,Unknown,Married,48,-1,1,2,2,0,0,6731,32014,58566,73737,58399,96192,35950,8537,17399,5721,39009,41731,0
249354,Male,Unknown,Single,36,3,1,4,3,1,-1,58175,12251,77466,17013,96562,88647,20829,35080,6238,17956,32688,22681,1
158865,Female,Unknown,Others,46,1,1,2,-1,0,1,93250,4109,14246,10311,16959,36083,30028,23399,26324,18385,3454,34306,0
617970,Female,Graduate School,Single,58,3,1,-1,3,3,2,71559,23632,37785,29627,70290,99718,48513,23655,47900,25475,37442,19251,1
43677,Female,Unknown,Others,60,4,4,3,3,4,1,-90,94276,33503,79483,1213,53467,7571,26274,42416,17491,36128,36317,1
469512,Male,Unknown,Married,45,2,-1,1,2,2,0,93124,11151,3277,8041,49378,12271,28363,32908,48788,8175,20620,37544,0
168337,Male,Graduate School,Single,55,3,2,3,3,4,1,36470,45165,65477,55513,8855,52931,47068,6892,41328,21241,37066,49330,0
534818,Female,Others,Married,74,4,3,-1,0,1,2,46341,54276,-651,70796,73091,63456,42733,40544,32667,45295,46567,25190,1
281695,Female,University,Others,25,3,4,3,1,0,-1,86718,94269,91798,22306,47279,37574,17735,42081,6047,23655,3475,1754,1
300538,Female,High School,Married,27,0,1,3,1,4,4,55850,5325,65941,42827,4544,50121,25893,19267,6589,28370,39328,8238,0
577275,Male,Unknown,Married,43,2,2,1,1,1,0,28390,87227,72000,88086,20137,26679,5613,40396,47426,37088,21425,8015,0
356241,Male,Unknown,Married,45,-1,3,-1,4,-1,3,63229,93964,12508,91151,70124,75794,45239,46025,14965,28950,18568,44643,1
342783,Female,Unknown,Single,21,4,0,3,2,1,3,62891,74586,96565,10427,38426,759,26606,47668,12805,21896,45830,6497,1
486673,Female,Graduate School,Others,42,3,4,4,2,0,-1,3038,912,66081,97782,90386,54718,16595,31340,1344,30373,45673,2534,1
773129,Male,Graduate School,Married,73,2,0,3,1,-1,4,27215,35989,58095,33078,63588,27628,1274,32136,20501,28460,29593,24791,0
12781,Male,Graduate School,Single,24,-1,2,0,-1,-1,1,96101,6374,27957,77359,74173,28675,48866,40229,27331,43436,40065,13734,1
27330,Female,High School,Others,78,2,-1,3,4,-1,3,84365,32034,6896,30213,3827,17665,37030,41942,9324,41361,46852,48136,1
277401,Male,University,Others,48,4,-1,1,1,2,0,31899,84402,82274,83063,92069,61268,28190,43404,7539,47617,27248,29680,1
592930,Female,Unknown,Others,68,0,2,0,3,2,4,42016,45678,3288,61960,37906,10226,20118,36228,40632,19631,15169,25812,0
719609,Female,Others,Married,79,4,-1,4,1,-1,2,21246,90792,24744,62741,76184,46982,7775,26889,30262,11263,4233,31882,1
323807,Male,Unknown,Married,34,4,-1,4,1,4,1,48304,92305,20150,97717,37747,16507,32016,9348,21732,3856,2462,33775,1
569244,Female,Unknown,Married,53,-1,0,4,-1,4,4,17862,49683,86877,58000,14738,70367,32279,15637,13225,44661,19616,4829,1
245439,Female,Unknown,Others,24,-1,-1,-1,2,4,2,56826,9198,99889,26207,78075,234,13941,11224,39859,42767,43627,39232,0
797313,Female,Unknown,Others,62,3,-1,4,2,0,4,21500,93817,20091,2936,9357,55028,44423,46180,44988,42349,24823,26714,0
405063,Female,University,Married,31,1,2,2,3,-1,4,81224,69100,-100,89107,90121,4956,35253,1307,26496,38060,24430,8057,1
770263,Female,Others,Married,59,4,-1,1,1,4,1,80818,35996,45702,82314,80130,48826,23638,15636,18856,18782,31877,28986,0
655553,Female,Graduate School,Others,52,-1,4,-1,0,-1,0,1519,59794,18725,50775,37055,91814,45460,12426,958,29376,49677,34927,0
359790,Female,Others,Others,24,4,1,0,3,1,2,5112,6155,27722,17674,42779,17689,4370,15580,27863,16368,30285,19568,0
137148,Male,Unknown,Single,21,4,1,2,2,4,0,-8,46952,23078,48790,47033,65804,19782,45124,17872,44192,32014,16362,1
309480,Male,Others,Single,46,-1,2,-1,-1,1,2,4647,97621,81047,13374,58072,20481,22639,2852,21151,30825,21214,34054,0
616138,Female,Unknown,Married,53,0,1,1,2,1,1,93550,57944,17059,95128,3617,84141,37655,36212,18317,15076,29392,24943,0
629942,Male,Others,Others,37,0,0,0,2,4,0,6597,65246,17161,14317,50536,85639,22829,45600,13584,37990,40874,4473,1
181003,Female,High School,Others,47,4,4,1,-1,3,1,63167,10388,69701,28181,41342,3194,332,47404,38495,18563,33230,4920,1
447140,Female,Others,Single,62,0,4,1,1,1,4,56170,73178,89345,10780,9687,94334,41986,26247,26592,27392,19347,36693,1
447239,Male,Graduate School,Others,25,4,2,0,1,4,4,24633,25457,9687,81059,5796,27370,18508,17779,37917,1312,45076,14892,1
21320,Female,Graduate School,Married,27,3,-1,4,2,1,1,15854,17127,81503,73396,51757,93190,18616,25590,22136,29129,5916,35884,1
599413,Female,Others,Single,45,-1,1,3,3,0,2,68102,33091,98770,51994,58191,9251,27193,4741,37742,28605,10170,17678,0
232172,Male,Others,Others,28,4,0,1,0,2,4,40472,10752,7694,19402,38801,62356,40415,47502,23474,19556,12735,31214,1
245077,Male,University,Others,54,0,2,4,3,2,2,67821,50832,38518,62907,58072,82169,5282,44174,20321,38700,32348,36744,0
127296,Male,Others,Married,61,0,2,0,4,2,0,76565,3237,98459,22276,5747,3029,21524,17140,36029,19476,26539,47789,1
135355,Male,Graduate School,Others,24,2,-1,1,3,3,3,77382,2051,29641,71778,56996,67396,7744,26607,43159,41208,12542,22774,1
727218,Male,High School,Single,32,2,3,3,2,-1,4,77615,94705,57843,92057,6936,68049,5697,19004,43262,26815,33070,173,0
461930,Male,Graduate School,Single,78,0,1,0,2,1,4,73087,63346,39728,52,31293,34987,33720,46724,45813,19016,22267,12323,1
21780,Female,University,Others,51,3,0,-1,0,0,-1,97588,85584,49087,14400,81678,40138,3369,47001,31777,36152,776,32553,0
735705,Male,Others,Others,31,1,2,-1,0,3,2,79636,42311,42551,60980,98583,69466,22826,12758,28858,20647,44219,23709,1
524249,Male,High School,Others,57,4,1,4,0,2,1,67813,18088,82914,84483,11696,3677,11545,42191,41838,13885,623,4981,1
646984,Female,Graduate School,Others,64,2,0,-1,2,3,-1,18015,4675,69692,24699,12097,4472,42946,36792,38336,36472,34227,43040,1
501193,Female,High School,Single,79,4,4,2,2,0,0,757,38555,94869,33111,5228,38476,6553,15078,4768,46295,19770,3834,1
640363,Male,Unknown,Married,73,2,4,1,3,4,-1,31085,1640,54433,81489,59832,88761,49316,32802,45931,5628,39798,2429,0
263731,Female,Graduate School,Single,56,-1,0,1,2,3,-1,59118,62328,94676,93930,47056,12728,10183,40201,11886,17581,14723,14189,1
143001,Female,Unknown,Others,65,-1,4,0,4,2,3,20863,11317,75387,60065,55868,23214,19089,46031,5177,42951,37543,24389,1
367297,Female,High School,Others,42,0,2,2,1,-1,3,25098,43408,55561,80798,92685,45649,9931,16404,31761,47639,25055,46762,1
520452,Female,Others,Single,21,-1,1,1,1,2,-1,45220,32462,4364,68452,61136,77019,28835,46219,8046,20887,31327,46758,0
417460,Female,Others,Single,70,-1,0,0,0,2,3,14295,85173,76008,73728,52345,95580,32871,44431,31883,8692,33829,32380,0
132636,Female,Others,Others,24,1,2,3,2,2,3,37555,74921,2974,34691,13141,34297,7297,49608,6601,42121,33055,10965,1
387546,Female,Unknown,Single,56,3,1,1,4,3,-1,24821,56683,83424,46197,84890,91367,37459,23671,8897,15171,29764,7462,0
21116,Male,Others,Others,28,0,1,4,1,0,2,41372,14201,83066,51404,66062,73663,20599,40668,19073,19512,47849,27605,1
229026,Female,University,Single,45,1,2,1,3,2,3,20833,33536,23053,59736,31958,55622,39170,27573,43219,2294,23618,47518,1
355445,Male,Graduate School,Others,48,0,1,3,-1,4,-1,52990,23667,39072,22942,66409,90068,49515,37246,4581,15019,40723,33641,0
439111,Female,Graduate School,Single,72,3,3,3,3,3,2,90528,64707,210,67928,6958,67009,9761,43542,44827,3914,22719,19480,0
743996,Female,High School,Others,58,0,0,1,-1,0,4,7549,34517,87099,18001,75743,98389,8061,1062,39802,29743,33911,20008,0
558155,Male,Unknown,Married,56,4,0,3,4,-1,3,86968,34870,40589,27696,71904,3662,368,39895,29698,23372,39312,5553,0
535496,Female,Graduate School,Married,56,4,1,0,3,2,-1,38498,36982,75445,21319,6489,39496,37821,39957,9444,16282,9615,10298,1
709445,Female,Unknown,Single,63,4,2,1,1,1,3,19519,57332,37966,36123,23833,1665,5304,9782,9444,32029,15882,12464,1
337716,Male,High School,Married,61,-1,-1,1,2,3,2,46376,31844,25070,50165,7346,75720,47633,40862,5080,24621,13196,34333,0
468450,Female,Others,Others,66,3,4,-1,-1,4,-1,47547,83118,65643,17311,37374,90213,48544,26441,37206,16358,41617,11715,1
93748,Female,High School,Single,24,1,1,4,2,-1,2,2141,3237,10246,26120,44053,44942,28806,41006,3128,43403,40481,8500,0
152324,Male,University,Single,33,1,-1,1,4,-1,4,10068,29465,18199,21642,84822,7475,31343,30079,42626,31863,13909,24729,0
95261,Male,Others,Others,58,2,1,-1,2,-1,1,95878,5027,38829,69083,42235,94288,594,40417,22206,35899,27092,25542,0
778731,Female,Others,Others,65,1,-1,3,1,3,0,52705,77777,60125,28371,38428,36239,17829,21551,30450,13891,21673,48679,0
230667,Male,Others,Others,45,4,1,4,4,0,1,13256,9367,82955,84639,56237,21903,20006,4774,12581,25525,41638,30703,0
566459,Female,High School,Single,23,4,2,4,0,1,3,62721,26483,-831,76401,17796,60134,33533,5079,48954,11760,19841,1163,1
562805,Female,University,Others,75,2,4,3,0,4,2,31964,54007,92943,64244,46566,16171,22424,30715,44569,27297,35512,15941,0
165346,Male,Unknown,Married,52,-1,-1,0,-1,0,-1,4830,79567,91408,74279,54776,11660,27792,12180,9811,36566,18737,44679,1
561936,Male,High School,Single,59,1,3,-1,1,2,2,14868,99848,11949,33450,64457,57200,39204,34421,27482,21621,18032,29295,0
341798,Male,Graduate School,Others,21,3,2,1,2,1,3,5679,96559,46313,81304,67696,41658,21015,16428,12105,14572,34447,33824,1
267471,Male,Graduate School,Single,31,2,4,-1,3,0,-1,98241,62268,77735,85628,27181,22289,25209,37138,28361,44249,32061,42691,0
219691,Female,High School,Married,22,1,1,3,3,2,1,63061,92724,59131,74994,2371,6988,22993,20148,21052,31867,14689,11634,0
59647,Male,Unknown,Married,25,-1,-1,3,4,1,2,10722,98857,79012,22407,58435,38974,21140,44342,11960,27910,37770,23729,0
481939,Male,Graduate School,Others,76,3,4,0,-1,3,0,63578,70810,40764,69188,41020,31052,39608,32853,25503,48977,21714,15719,1
534712,Female,Unknown,Single,42,3,0,4,-1,4,4,85045,61924,29899,3445,35119,91792,9872,11368,18162,30889,3966,9861,0
717259,Female,Others,Others,66,-1,2,4,-1,4,4,12989,77092,85935,81309,97764,99437,37618,14066,3103,46787,31517,20460,1
560929,Female,High School,Single,33,1,-1,3,1,2,3,54701,51892,46740,30096,66653,44154,15212,45232,38634,44181,46534,3774,0
394560,Female,Others,Others,68,0,2,-1,3,0,3,88098,62034,64490,142,70892,1421,18277,30441,5530,19701,17237,1459,0
688514,Female,Graduate School,Others,43,1,-1,4,4,1,2,13919,33395,22281,48897,33374,59149,47764,15548,27020,45556,6335,46978,0
713526,Female,Unknown,Single,67,2,0,1,1,2,1,40306,25543,67570,64485,31839,68467,26691,39995,3088,42777,41552,40901,0
306145,Female,Others,Single,51,2,3,1,4,2,1,10036,76059,12328,87071,95435,70561,16892,36059,23128,20428,19790,5,0
548834,Female,Graduate School,Married,55,1,0,-1,1,3,0,88974,74,43047,66266,70887,40584,49887,8779,5171,18605,48971,37554,0
182596,Female,University,Married,58,4,1,0,2,2,0,19999,84124,18796,62202,11464,25176,6353,41562,4465,16244,25595,6938,1
11304,Male,Others,Single,61,2,2,1,1,1,2,57582,12990,69524,60466,-294,46540,2751,16151,24739,29264,13185,9833,1
657010,Male,University,Married,55,0,3,-1,1,-1,-1,40543,96064,71666,85305,14660,93893,46379,48294,29998,37035,9776,8168,0
98327,Female,University,Married,65,4,2,-1,2,1,1,66244,81948,54251,3123,82848,44305,10363,19900,39361,41917,37679,8109,1
216958,Male,Graduate School,Single,33,0,4,3,0,1,-1,53560,81567,-209,67766,61323,36273,19227,17640,28575,23203,10806,3829,0
87354,Female,High School,Single,74,3,-1,4,2,3,-1,70913,44793,11333,17898,1798,87801,8483,10353,23071,21102,18255,14148,1
436833,Female,Unknown,Single,27,2,1,3,-1,3,2,21788,79373,35609,40067,24753,41369,29092,46587,27333,21198,17010,38288,1
130045,Female,Graduate School,Others,25,4,1,4,0,4,0,78805,37071,59558,44946,40113,43827,42878,47715,28149,26961,36975,23254,0
199896,Female,Others,Single,78,1,2,0,3,4,-1,59048,18546,67892,73504,48181,77931,49963,30870,350,26010,4766,21264,0
133780,Male,Unknown,Single,49,4,1,0,4,2,2,94253,45515,39290,61429,28722,93697,42969,12871,6522,7237,27754,9077,1
735750,Male,High School,Single,28,3,2,0,1,4,0,87141,44875,3925,6992,85991,42930,49008,19419,46518,2984,8217,34838,0
44307,Female,Graduate School,Married,28,0,-1,-1,0,3,-1,20221,16286,9764,54173,67847,65334,28918,43377,32968,19640,35816,39718,1
257659,Male,High School,Single,74,3,-1,-1,3,2,-1,30757,52219,53226,9125,60170,2462,649,7516,23658,26012,41581,32928,1
795244,Male,Others,Married,27,-1,2,3,2,-1,0,58115,8695,76632,21430,28362,95202,35365,21670,35320,37241,46145,42177,0
471696,Female,Graduate School,Others,39,2,0,1,2,0,4,47275,36844,38468,73165,50026,49479,33328,10311,7551,24548,28061,36946,1
653933,Female,Others,Single,59,1,0,4,-1,3,0,82605,10054,1094,8226,46201,6449,47175,4955,48975,7179,8908,16551,0
275388,Male,Unknown,Single,43,0,-1,4,-1,3,3,23324,60822,44583,16220,47974,57038,41729,43360,44888,42734,7667,36680,0
35090,Male,Unknown,Married,56,3,3,0,0,-1,3,51753,1897,48021,3702,91297,59760,32034,13322,48423,33185,40671,19086,1
336421,Female,High School,Others,62,1,0,4,4,3,2,27734,8537,70786,-359,11917,44190,503,43748,33819,22858,39493,4439,1
645847,Female,High School,Single,52,2,2,2,1,4,2,49605,20946,14362,34942,40577,29163,25203,33405,29008,982,20117,20491,0
109895,Male,Unknown,Others,65,1,-1,0,2,4,1,18590,56325,40575,82728,16955,95616,14996,152,10870,22807,31178,19989,1
132641,Female,University,Others,24,2,1,4,0,4,3,93364,7681,45021,54405,55365,47242,44344,13473,47769,17522,4464,9745,1
451752,Female,Unknown,Single,50,2,1,3,0,-1,0,22096,72387,86172,2875,94847,31953,32602,5909,42755,42193,1845,49601,1
279999,Female,Graduate School,Others,71,2,0,4,4,2,3,51142,89537,11185,40602,83357,89589,27935,27009,3558,37310,12429,37437,0
263555,Male,Others,Others,62,3,3,-1,0,3,4,93984,79121,38771,73430,22915,38799,30425,15503,8298,17214,40973,23118,1
783790,Male,Unknown,Single,59,2,4,3,-1,3,2,42261,46038,80678,64322,60799,11288,45216,138,3513,30089,24019,18921,0
268845,Female,Unknown,Married,25,1,0,3,4,4,4,75986,53833,34069,67384,97904,26473,14096,14541,9460,31454,35526,13478,0
121113,Male,Others,Single,23,-1,3,3,2,2,2,95111,47123,42190,15077,73706,26591,34942,6239,25316,45053,16914,32712,1
322518,Female,Others,Others,42,1,0,2,-1,3,4,96128,29117,69805,2612,7706,27391,3527,49877,7653,48984,15162,35477,1
546809,Male,Graduate School,Single,48,3,1,2,-1,1,2,55698,70131,8764,71598,62409,8877,13993,46435,22,13492,24325,19341,0
634434,Male,Others,Married,42,2,3,4,4,-1,0,49502,22774,26113,57192,16193,90103,30224,11734,48324,7632,19262,14046,0
217091,Male,High School,Others,42,-1,1,0,4,0,4,46984,42691,15888,99858,99789,72127,5423,14847,49512,15387,3404,2664,1
154776,Female,Unknown,Others,54,3,2,4,0,1,-1,55490,52143,13748,87240,71934,97039,27113,18,28669,20672,25013,34557,1
68933,Female,Others,Married,49,0,2,4,3,0,2,37202,74135,50013,65998,82366,87482,43246,42396,37563,39873,49534,48110,1
605389,Female,Graduate School,Married,63,0,-1,4,3,1,3,60445,70998,29203,54114,15852,51550,26833,10646,34218,38143,48478,3234,0
53856,Male,Others,Others,62,0,1,-1,3,1,-1,84869,12307,19715,38579,16013,89306,14307,39880,31709,26544,42249,47905,0
571544,Female,Unknown,Married,75,-1,1,3,0,1,3,82199,38136,41579,27405,84302,9494,15928,21905,22169,24174,27428,46274,0
792948,Female,University,Single,33,1,-1,1,1,-1,2,48972,26531,1906,76510,5538,-922,46268,16484,35522,2471,5068,49470,1
433831,Female,Others,Married,27,-1,2,0,2,0,0,8535,41174,92125,97814,97417,76674,24107,25168,17011,29377,46736,18561,0
131638,Female,High School,Single,30,-1,2,0,0,2,-1,37887,35710,10808,33924,49377,82041,16278,39606,19651,39002,10229,10348,1
772570,Male,Unknown,Others,48,-1,3,3,0,2,-1,17679,33568,20112,1919,46645,7977,26571,47121,566,29319,23478,43513,0
798359,Female,Graduate School,Others,24,0,3,0,-1,4,2,97010,13414,88629,86111,20867,31593,8825,14464,36526,45850,11908,33196,0
96849,Female,Unknown,Others,79,4,4,3,3,3,4,67096,61294,63945,71168,77070,89558,24372,7135,49105,39056,43412,28915,1
739353,Male,University,Others,52,1,2,0,4,-1,2,87901,30723,66105,73460,82536,68754,37920,6029,43450,47555,23548,43445,1
474244,Female,Graduate School,Others,42,4,4,4,0,4,2,75281,93572,64675,62768,35085,70265,49652,12653,2020,20721,25461,12594,1
359135,Male,University,Married,40,4,0,-1,1,4,1,-970,9261,69219,42910,88271,1723,47415,2509,3530,42469,44454,30504,0
502474,Male,University,Married,68,-1,1,0,2,-1,0,57996,60987,25419,33005,88500,8773,1563,46240,18890,21534,46739,900,0
426650,Male,High School,Others,40,1,3,0,1,-1,4,7132,66913,10156,82400,52792,48510,20459,1955,11747,25348,3014,40190,1
372022,Female,Others,Married,26,4,0,1,0,1,0,90410,50255,4062,9657,4733,66301,26174,9846,10383,21563,36942,44358,1
692159,Male,High School,Married,29,2,3,-1,0,-1,2,81805,271,52817,17394,91782,32572,24070,7078,43882,11864,24884,33516,0
418890,Male,High School,Others,48,-1,-1,4,-1,2,1,55644,44316,26745,71433,85733,78603,18542,40311,25304,12178,3104,4289,1
316935,Male,High School,Married,33,-1,1,-1,1,-1,2,91091,27419,33940,37397,77601,70185,23683,26264,47742,12388,19321,40299,0
230712,Female,Graduate School,Others,51,-1,4,-1,-1,1,2,20227,32202,21463,22874,34305,83650,16903,17294,16857,11049,14017,46948,0
537543,Male,Others,Others,59,2,4,0,4,0,0,91238,18982,35188,28873,46318,37759,42877,6163,33373,10872,42673,30841,1
699186,Male,Others,Others,70,2,3,2,1,4,1,17674,68307,70813,83655,84094,93876,34096,45601,25818,1778,12063,10603,0
441042,Male,Graduate School,Others,34,0,2,0,3,-1,0,68430,79409,92155,22670,56126,13539,23580,24377,38451,26595,48582,33795,0
471322,Female,High School,Married,42,3,4,3,4,4,2,3596,40340,33017,9951,83142,39593,23377,6715,13669,43884,49864,12436,1
365183,Male,High School,Married,57,1,-1,1,3,0,3,15588,83070,29244,63069,64587,44022,14134,22526,7404,25164,17334,44092,0
476202,Male,University,Single,74,3,-1,-1,1,3,-1,53654,35892,1697,54352,83264,97446,41892,39373,36522,272,4565,33908,1
226879,Female,University,Single,65,-1,2,3,-1,1,4,91882,76653,13903,14768,78835,92671,23902,32461,20754,1501,34306,48811,0
247079,Female,Unknown,Others,44,4,-1,4,3,4,2,93540,4602,53086,65113,91334,59765,26117,49756,36646,10297,43572,47949,1
65569,Female,University,Single,28,-1,1,3,0,-1,4,26226,79957,87385,23463,85984,32051,40427,18754,36511,13270,13225,41197,0
91434,Male,Others,Married,35,4,3,2,2,3,1,11453,96210,35652,77905,87406,95782,16791,30808,4847,3576,24321,29833,1
220997,Male,Graduate School,Married,71,0,-1,-1,-1,3,3,58552,4167,6254,29836,86750,81303,49775,42970,15936,40396,30623,21209,1
254790,Male,High School,Single,61,3,1,0,4,0,4,89117,70022,97398,10688,68802,49730,15464,12327,43224,45100,27627,4553,1
797176,Male,Unknown,Single,26,-1,2,-1,4,4,4,62692,52201,68827,16202,10300,92984,2766,47055,38446,14626,45629,43492,0
439498,Female,University,Married,43,3,3,1,1,4,1,23524,48698,60631,6188,66194,83865,4415,13221,32140,1281,27710,30714,1
62082,Male,Unknown,Single,45,0,2,-1,4,2,2,30843,92728,79527,52326,88288,44242,29741,16586,38865,48898,19748,15441,1
457905,Female,Graduate School,Married,51,3,3,3,2,2,2,62140,85342,44577,13135,27133,79903,31984,16092,49827,17653,18499,23376,0
348551,Male,Graduate School,Married,66,4,-1,3,2,2,-1,11744,64249,77576,33657,77278,65159,666,13870,4053,4335,41184,29385,0
613360,Male,Unknown,Single,49,1,-1,0,0,4,1,81146,62753,58019,-442,15059,32312,41587,33010,709,11676,846,34378,0
75711,Male,Unknown,Single,43,0,3,0,4,4,3,37910,74479,72740,51085,61166,6586,11300,3740,922,25727,32392,27694,0
518469,Female,Unknown,Others,30,3,1,0,-1,2,-1,6482,69360,99605,25195,12720,81833,36044,19105,36167,28947,32350,37207,1
799649,Female,High School,Others,29,-1,1,4,2,1,1,39081,63687,19467,13443,57230,83463,26360,8851,33175,10657,47979,13650,0
483858,Female,Others,Others,69,2,1,1,-1,-1,2,31024,34883,64233,63286,92165,60076,5605,41672,45203,2254,14582,4758,1
646288,Female,University,Others,33,2,0,4,0,-1,-1,88210,-782,-628,96550,75530,61399,33901,44855,36360,34343,36837,27770,1
465186,Male,University,Others,52,0,4,4,1,1,2,13030,31893,78737,22215,86541,17131,44349,9366,12790,25408,24031,15307,1
294501,Male,University,Married,69,2,4,4,2,0,0,24472,12169,70387,4949,19394,14020,37473,37987,26364,42329,26837,33013,0
310714,Male,Unknown,Single,71,1,4,-1,2,-1,0,74048,45458,70564,39411,-365,73771,37342,24822,14567,12094,6911,9469,1
541322,Male,Unknown,Married,65,0,1,2,2,4,-1,18045,44374,62615,48221,75742,97170,16294,17114,20343,8759,42543,14901,0
26263,Male,Unknown,Others,61,-1,-1,-1,4,3,-1,26135,57672,28445,67438,63197,58523,7556,28519,31142,12447,28548,6842,0
191171,Female,High School,Others,21,-1,0,0,-1,4,1,63273,73951,58147,61521,43845,74043,4683,8687,1490,14145,21490,7058,0
215384,Female,High School,Single,21,0,1,1,2,-1,3,98968,3180,84532,78298,21805,62477,29264,22942,14582,28767,26697,10520,1
512574,Male,High School,Married,57,2,-1,4,-1,1,3,49677,36928,92516,19724,58426,92420,35179,43622,28426,14760,23625,30786,0
85348,Male,High School,Others,60,2,0,-1,4,0,0,84670,83690,62769,75844,24632,70244,33076,30080,17865,44956,12912,48780,1
619563,Male,Graduate School,Others,38,-1,-1,3,3,-1,0,94433,97145,23131,89795,10660,89334,39998,2575,34048,3187,9478,1556,0
430141,Male,High School,Others,56,1,3,4,3,1,0,79286,8766,21734,70431,25877,69067,20746,23892,47578,16982,32825,34990,1
785299,Female,High School,Others,51,4,-1,-1,-1,3,2,12733,29058,33100,21081,73295,62101,6176,1082,30288,46386,9876,29886,0
291719,Male,High School,Married,74,2,0,3,4,2,3,61113,942,13738,43732,37924,30782,34600,29570,32378,41003,39637,8496,1
32231,Male,University,Married,21,1,1,-1,3,3,-1,82016,10532,75974,89182,46153,28904,22567,8735,31723,47698,16171,43882,1
713091,Male,University,Others,67,2,4,-1,0,3,0,62832,85377,47799,86904,58127,83073,12973,11255,16178,46067,1304,25368,1
676128,Male,University,Married,72,4,0,4,0,0,4,2098,42374,46429,55867,47360,84240,43267,39601,37622,14034,20687,49146,1
519135,Female,Others,Others,56,0,1,-1,3,-1,1,84160,94412,-245,90374,96208,65102,39647,10094,41834,18265,6003,26613,0
200409,Male,Graduate School,Single,77,3,1,0,1,2,-1,56119,65790,61716,55899,47097,89741,16094,20698,8055,38920,16796,35734,1
781745,Female,Unknown,Single,29,-1,2,3,-1,1,-1,54880,32755,68061,1155,23091,97141,22794,21474,24687,30620,5136,14084,0
783418,Female,High School,Single,42,0,3,1,3,2,-1,53480,58192,28884,28903,30335,34503,2000,30651,39848,16356,2777,10908,0
584985,Male,University,Married,76,2,2,2,-1,-1,3,39546,79459,796,28393,71545,75245,8858,34918,40829,34651,739,27396,0
21357,Male,Graduate School,Others,48,4,4,4,4,0,0,42887,96218,12754,45509,66679,81644,34452,6103,39226,23740,29090,45606,1
470189,Male,High School,Single,46,-1,0,3,3,-1,1,88999,88875,11161,47234,93550,93472,15584,17267,8393,22335,48551,44002,0
690306,Male,Others,Single,72,3,2,0,0,1,2,13250,46592,66713,82835,38767,52200,38385,36743,15860,6870,26824,4002,0
751784,Male,Unknown,Married,30,3,4,3,4,2,1,35382,12118,92668,95783,58584,61927,6782,49158,43613,2162,40353,1360,0
605326,Female,High School,Married,76,4,1,1,1,3,1,48999,98675,66586,29101,42518,51050,35844,27011,21136,48629,46521,9245,1
589437,Female,Unknown,Single,67,4,0,4,-1,-1,4,46022,63610,50141,13213,82394,33232,5116,24029,17915,45443,28658,49591,1
15566,Female,High School,Others,23,2,2,3,1,4,1,34472,77699,89666,3351,88168,90419,41405,38168,9581,6582,5621,4353,1
656762,Female,Others,Others,22,-1,-1,0,0,0,2,87674,32128,37577,39236,85022,79656,4383,4191,41490,29581,31825,17166,0
341694,Female,Graduate School,Others,74,2,4,4,2,0,1,2893,7104,53765,12241,64865,63021,25657,5623,16081,24421,24191,35378,1
399203,Male,Unknown,Single,57,3,4,0,2,2,4,76109,78722,23841,87987,11370,41914,22170,2293,18001,38811,12367,10006,0
585696,Male,Unknown,Married,76,0,3,4,-1,3,1,75799,7549,24498,21179,12847,62856,13081,40159,45101,46398,22716,233,0
456722,Female,Graduate School,Others,51,0,-1,2,4,1,0,61086,96798,89645,90659,96160,45798,3751,20593,37922,2982,1503,26649,0
783358,Male,Unknown,Single,53,1,0,1,0,3,4,36301,94614,76711,46665,50825,47786,46620,27167,24940,25451,827,10623,0
351293,Male,University,Single,52,3,2,2,-1,2,0,98804,88704,66229,60242,69158,37382,31825,37193,47573,24255,19615,15895,1
305843,Female,Graduate School,Married,63,3,1,-1,4,3,0,50594,56240,62914,3455,37000,22473,45830,11766,3371,3515,15089,20872,1
258089,Female,Others,Others,32,2,2,0,-1,2,-1,66261,93002,50203,39459,88941,31921,7785,35992,11016,40595,9809,33606,1
321689,Female,High School,Single,78,1,0,2,-1,3,4,39109,31831,92802,59899,89873,28995,12564,17624,22943,16411,13355,2784,1
503985,Male,High School,Others,23,4,0,0,1,-1,1,58087,83148,91943,16597,57367,19450,22479,15848,17756,635,22236,21978,0
193501,Female,Graduate School,Others,75,1,0,4,3,0,3,81245,58978,13838,54591,66216,98114,34313,47375,47802,46477,42644,1351,1
386071,Female,University,Others,68,-1,0,0,0,2,3,42190,87252,60671,45209,46112,48302,11837,15759,11049,43084,13947,205,0
228422,Male,Others,Single,46,2,4,-1,1,2,3,62722,96462,85765,8052,37719,72673,37599,7517,2237,33354,25085,16568,0
331417,Male,High School,Others,34,4,2,0,4,0,2,1666,68474,68703,34691,26832,14765,11399,36261,36242,3622,5632,23129,1
646600,Female,High School,Married,32,4,-1,4,3,4,0,52513,87233,21615,16816,71402,91334,27359,30980,4444,45289,8886,6902,0
402270,Male,University,Single,72,0,1,4,-1,4,0,71688,11609,52775,64876,24479,73806,24689,3590,20852,23799,20400,38270,0
769652,Female,Unknown,Single,46,-1,1,2,2,1,0,93536,78019,40845,55533,48285,65314,25347,25292,5758,30649,29792,43752,0
17509,Male,Graduate School,Others,36,1,3,1,1,2,4,93013,9523,95705,13206,82045,45390,14492,8455,36344,19854,49142,12686,1
753212,Female,University,Others,73,0,4,3,0,-1,2,69314,25989,37907,30518,45228,19633,21899,6944,44322,20098,30050,48010,0
252225,Male,University,Others,28,3,0,2,0,3,1,15169,99462,30158,198,50191,52120,17396,33085,45003,12201,22008,2729,0
234350,Male,University,Single,69,2,0,-1,3,-1,-1,16668,50277,64043,36064,3188,39435,28259,27100,20359,3470,16282,16697,1
744124,Male,University,Married,69,1,0,3,1,2,4,82298,66819,98762,47744,34617,78843,7954,640,9176,25858,5523,41187,1
218222,Female,Unknown,Married,48,3,4,0,-1,1,0,50810,70772,84715,77566,92323,6357,40302,858,29658,6900,9438,39569,1
479053,Female,Others,Single,27,4,-1,2,3,2,1,18945,39577,75883,19577,2366,67089,2668,37011,5674,30705,41359,46225,1
265117,Female,University,Married,35,1,0,3,4,1,3,54159,2105,52176,47230,51063,27820,22917,30518,17910,8582,48589,19477,0
73305,Male,University,Others,61,0,3,2,0,0,-1,86372,84395,54421,29248,77597,19487,32284,42430,27948,42903,18991,15960,0
314995,Male,Graduate School,Single,56,-1,3,0,4,3,3,9079,838,32330,80046,14952,78507,27152,15437,1036,6132,48159,44917,0
349054,Male,High School,Married,28,0,-1,4,1,-1,1,17362,89333,47145,3934,17975,21188,45050,25550,27749,35405,32759,20479,0
44407,Female,Unknown,Single,30,2,4,2,2,1,1,11919,23437,54244,23927,3283,77416,26003,25861,26820,38735,287,19123,1
641565,Male,University,Married,35,2,0,-1,4,-1,3,19800,81815,71528,24877,58527,30310,36009,41011,26678,39026,15796,33694,0
220590,Female,Others,Single,75,1,2,3,-1,0,4,78294,70449,76754,76367,19645,3564,877,28929,2230,27266,4532,3336,0
664492,Female,Others,Married,38,0,2,3,0,2,-1,53648,24560,39564,18471,10740,87635,15433,1019,17426,40674,43137,35889,0
448868,Female,Others,Single,66,-1,1,3,1,1,3,93410,25208,94867,37841,55286,93658,33221,24284,45418,46207,33208,40310,0
675608,Female,Graduate School,Single,57,4,-1,2,2,3,3,56026,34658,87004,81375,97548,19062,25839,11814,40709,20488,21996,26684,0
282659,Female,Others,Single,61,2,2,0,0,1,4,50376,46355,83891,4853,4128,78671,44545,45303,28680,14453,4885,15378,1
372722,Male,Graduate School,Single,65,-1,1,2,2,4,3,93834,42003,48496,35018,45515,11415,39113,49144,43667,3538,21476,2355,0
151902,Male,Unknown,Single,77,3,3,2,0,2,-1,13156,54437,61469,57501,73907,68241,39972,10104,6168,15191,34036,23758,1
332775,Male,Others,Others,71,1,1,4,3,2,2,42039,13646,1716,-743,85845,8044,12378,8479,34097,2747,6864,15684,1
372928,Male,High School,Single,63,-1,0,3,3,3,-1,15239,49560,31361,91221,54983,35950,12946,5373,3655,18058,14565,38540,0
135496,Male,University,Single,64,1,0,0,3,3,4,6089,85597,26254,94708,49930,19349,9103,32371,38321,44494,27088,36167,0
739443,Male,Unknown,Single,55,3,3,1,1,0,3,12014,57679,41632,28671,54462,36968,47356,13234,47076,9123,185,11544,0
238170,Female,High School,Married,22,-1,-1,0,3,-1,0,49105,39214,62141,3730,91647,21717,43731,6357,38309,24700,20641,30298,0
417544,Male,Unknown,Single,75,-1,4,2,1,1,0,59211,43597,20277,10305,7628,61263,26043,21595,36673,47326,27846,44106,1
415895,Female,Others,Others,42,4,0,-1,-1,0,1,87854,21873,16503,49548,74998,55917,440,45599,1080,31047,16348,6737,1
555346,Female,Unknown,Single,35,3,0,0,3,-1,2,91402,2458,74640,31116,87254,37371,33763,7772,11797,40833,43408,7929,1
398370,Female,Unknown,Married,57,0,1,3,1,0,4,4917,36165,99566,87979,37674,69010,2111,14567,49975,13304,36311,48777,1
238845,Female,Unknown,Married,59,-1,1,-1,0,4,1,14350,86803,85921,21839,58168,7647,36868,36669,36018,2865,42439,608,0
318840,Female,Graduate School,Single,56,4,1,1,1,3,1,73822,62994,31235,9818,95831,13190,44689,28684,2115,24834,37654,16995,1
774323,Male,High School,Single,25,-1,2,1,4,3,0,4742,13582,75180,5202,40753,79205,38983,11708,19951,11860,27638,33788,0
48872,Male,Others,Single,77,4,3,-1,1,2,-1,66375,96925,20687,37946,93380,97533,36236,7670,37888,39794,37408,45840,0
589259,Male,University,Single,68,2,-1,1,4,1,1,82871,13823,47409,16031,25314,22191,45672,48984,8239,11325,27154,240,0
557594,Female,Others,Married,35,0,1,-1,0,1,1,79197,39856,39098,12298,6668,97259,39241,4934,17824,41931,33912,2052,0
431426,Male,Others,Single,47,-1,-1,2,1,1,2,10743,6406,32550,98915,66490,36787,15907,2666,11927,28950,20548,5334,0
55693,Male,Graduate School,Married,36,3,1,-1,0,0,0,17891,29619,31864,93700,78948,51510,21650,2453,944,33914,31012,34370,1
627654,Female,Graduate School,Married,77,1,0,2,4,0,-1,27483,6071,7778,93698,73342,79840,12031,20136,19503,21068,634,10596,0
341061,Female,Unknown,Others,56,3,-1,3,2,1,2,30135,20852,28783,64311,17015,81679,48867,41247,22456,26895,7577,20873,1
372512,Male,Others,Married,58,0,2,3,3,2,-1,63058,47872,54813,58612,20420,60885,4460,2473,10175,45008,17687,31898,1
508109,Female,High School,Single,38,2,1,1,4,-1,-1,94093,87217,95923,29842,76899,33134,27414,49587,24930,45557,45621,49520,1
235449,Female,Graduate School,Single,55,2,4,4,-1,4,1,10682,9144,77910,59098,63544,23900,31135,25565,3305,11532,16916,18460,1
148519,Female,Graduate School,Single,45,2,3,4,1,0,2,11798,10183,44596,94333,51817,64702,29296,22608,15345,892,30304,14128,1
489120,Male,High School,Single,42,4,0,-1,0,1,1,93575,20074,20295,95026,74602,84584,45562,28135,34685,36391,19081,26022,0
161343,Female,Graduate School,Others,76,3,1,2,3,3,3,42919,53838,17622,20366,46518,56924,8714,35173,39537,8038,45609,39877,1
469091,Female,High School,Others,51,1,-1,3,1,0,-1,13198,84416,48081,92496,5874,71886,25281,31421,45145,33127,30620,31943,0
652757,Female,University,Others,79,1,1,3,3,-1,2,54502,11349,24492,23057,63959,94046,1759,41214,33136,17872,952,3516,0
750870,Female,High School,Others,57,4,0,3,2,0,0,31104,26493,18733,5080,95617,37463,249,30548,27562,48375,35573,37197,1
757405,Female,University,Married,54,-1,3,1,1,-1,1,6603,88146,11372,77317,81789,95070,37112,42969,33960,22144,23970,10469,0
637722,Male,Unknown,Others,43,4,3,3,0,-1,3,18009,8357,34256,30942,41353,43587,46348,34602,44953,49442,47131,18235,0
722203,Male,Unknown,Married,36,1,3,4,2,0,4,37661,3561,51945,16016,10662,59197,15189,39810,11194,14371,39550,16248,1
298365,Female,Graduate School,Single,26,1,4,0,1,-1,3,28965,94380,72353,23232,13125,56204,6591,28837,10088,43986,29099,32074,1
268180,Female,High School,Married,79,-1,0,1,3,0,3,22784,72150,83757,59928,51343,24748,26402,20735,23728,21339,27398,41738,0
364943,Male,Graduate School,Married,35,3,4,-1,2,0,1,28340,63685,63683,-671,18503,40731,43090,16806,47236,48554,44175,36199,1
66467,Male,High School,Others,38,3,4,0,0,2,0,66689,1358,17225,59363,80234,65463,7708,46292,17937,22058,25555,15946,1
121414,Female,Graduate School,Single,58,0,1,1,1,3,2,69297,30805,57546,29595,55404,75636,44438,29228,19194,28434,37980,48931,0
53086,Female,Unknown,Single,33,3,0,1,3,4,-1,22569,10430,7064,4446,60309,77779,6482,38701,14776,22648,4130,27830,1
620912,Male,Unknown,Others,44,2,0,2,3,-1,0,68102,15041,12986,76781,14271,29778,25679,47986,43992,6335,24326,4482,0
615432,Female,Graduate School,Married,33,2,1,0,4,0,1,48411,91262,40689,65204,-624,40565,22622,42855,32879,11739,43533,6252,1
10638,Female,High School,Others,21,0,2,0,2,-1,4,26254,9267,64852,45094,94616,76634,44953,31244,20456,17950,3386,22866,1
204006,Male,Others,Married,68,1,4,4,1,0,2,99148,76395,55605,97066,17325,52246,8450,15411,17447,43364,43837,3271,1
57234,Male,High School,Others,56,0,3,0,4,4,-1,26160,74909,31843,13822,79821,46186,28793,25864,34160,33247,42697,27828,1
333193,Male,Graduate School,Others,69,-1,-1,3,3,0,4,11206,89170,85989,15825,-796,46652,9339,38840,17581,37660,26999,10804,0
713407,Male,High School,Single,38,0,4,4,2,0,2,43211,71793,43006,51077,89856,45558,31254,25924,33108,5192,43841,30455,0
120406,Female,University,Single,68,0,-1,3,-1,3,-1,533,21597,31195,3020,75864,30244,33672,554,5015,23942,16149,42805,0
150813,Female,High School,Single,53,4,1,4,3,-1,-1,70132,22989,-797,21061,6054,24577,21426,49158,35629,7097,31586,3508,1
785471,Female,Unknown,Others,58,2,-1,-1,2,3,3,85689,18003,39663,23849,54100,84893,48589,18149,45251,33867,13294,39744,0
335148,Female,Unknown,Single,63,-1,2,4,-1,3,4,41383,29169,71103,52865,25125,64949,18523,2091,13895,44722,10727,20276,1
333633,Male,University,Single,26,4,0,-1,2,3,4,95605,46271,45814,24602,85340,28386,5143,27749,48880,14302,6090,35879,1
115711,Male,High School,Others,37,-1,3,4,3,3,1,5358,15961,44248,93460,17809,62667,19562,37598,30496,46417,5495,20701,1
429297,Female,Others,Single,24,0,-1,-1,-1,2,0,53395,11146,6460,90669,26440,21312,4147,46659,29808,25051,29025,47400,0
657049,Female,High School,Married,34,4,-1,3,2,-1,3,31035,53395,92056,34894,84893,82934,47814,9003,12792,44337,12147,48805,1
778454,Female,Unknown,Single,50,4,1,4,1,-1,3,33459,61676,56230,34701,16054,7718,20773,7463,15430,17300,3552,25628,0
591592,Male,Unknown,Married,66,-1,1,2,-1,0,2,40287,44237,55076,18752,63115,64536,2347,49642,39130,37512,17362,33694,0
792670,Male,Graduate School,Single,40,-1,0,4,2,-1,4,98892,40030,53710,27269,51569,99835,47448,8509,42500,10401,39315,29897,0
347247,Male,Unknown,Others,28,3,3,-1,1,4,-1,19137,65091,62788,87436,2065,16455,17975,29866,6308,9551,21897,27618,1
507288,Female,Graduate School,Others,74,-1,-1,1,-1,3,-1,81017,41178,3355,28140,33495,46078,20012,12505,3584,18605,24978,38695,0
258134,Female,Unknown,Single,22,4,0,3,2,1,2,36522,2640,30935,20639,4976,14542,47539,24466,31088,37742,10996,48092,1
128778,Female,Unknown,Married,57,1,3,2,3,-1,4,91459,45136,1663,63320,95690,64237,14720,18932,3519,38882,17898,2095,0
43103,Male,Others,Single,24,-1,0,1,-1,1,1,37941,66448,40391,7066,19410,10770,25430,26416,47111,11013,9739,44800,0
25330,Female,Graduate School,Others,30,2,-1,1,-1,4,-1,41057,83650,91875,76045,80273,99299,33518,42176,40555,45285,16777,9018,0
419680,Male,Graduate School,Single,40,3,1,3,1,2,3,28689,37187,93903,7261,37832,2577,13683,38867,9597,8894,49255,37463,1
143206,Female,Unknown,Others,76,2,1,4,4,0,3,72588,22922,18546,77304,35582,33477,26943,18984,40317,16501,13297,33537,1
134679,Female,Graduate School,Married,73,2,1,0,4,0,4,85938,28500,72925,91689,66239,13322,41198,35862,2013,43060,1743,23098,1
583697,Male,Unknown,Married,55,1,2,2,2,0,-1,70240,13429,85998,3585,59430,37885,6535,48825,33215,19647,13536,28546,1
236270,Male,Unknown,Others,68,3,0,4,3,2,-1,39679,35684,-962,52750,72157,56813,30689,35031,18104,4667,5436,41416,0
10184,Female,High School,Married,30,0,-1,3,1,3,1,94521,12687,46812,26632,12544,50442,19079,33834,28443,42920,30589,9264,1
499139,Male,Graduate School,Others,48,4,0,0,-1,1,4,93846,88248,58862,37585,71966,7528,6156,28008,13465,37386,421,48203,1
131529,Male,University,Others,35,4,1,3,4,-1,-1,56428,13837,9318,-884,97357,72506,37404,2790,20477,15500,39184,48673,1
771720,Male,Graduate School,Others,56,-1,4,3,1,3,1,33045,57744,7920,14616,48843,16139,15025,39847,33,23182,47350,5367,0
65810,Male,Graduate School,Single,21,4,4,1,1,0,3,42671,11865,60243,82733,76827,96400,42276,44449,49648,28784,6808,30525,1
613015,Male,Others,Married,42,1,0,4,1,0,1,45903,43653,52931,28590,98137,74447,18688,27245,27487,40426,37481,21014,0
210122,Female,University,Single,47,4,3,3,-1,3,-1,48670,77455,83044,64436,42489,6212,107,18057,1403,9559,35945,24082,1
474829,Female,University,Single,49,1,4,4,0,1,0,10715,34094,78793,93635,70330,33867,34372,31336,3219,41058,36544,27059,0
569408,Female,Others,Married,35,0,4,0,1,3,4,20810,34569,22783,96394,31749,63662,7921,44928,8077,47576,20774,15163,1
713844,Female,Others,Single,30,1,0,1,0,2,-1,39583,86472,35902,7685,30180,97716,24942,36269,2710,33814,23112,5502,0
725923,Male,Graduate School,Others,40,0,2,0,4,0,0,64719,47787,96845,68394,8353,92724,23547,35582,26178,28910,23594,46175,0
347180,Female,High School,Single,42,0,2,0,3,1,3,92497,29961,87214,13138,84442,46672,27485,23026,46994,47724,49011,26874,1
90528,Male,Others,Others,70,0,1,1,4,-1,4,99692,50186,35539,95752,45403,80682,32028,33116,45645,38150,24769,14576,1
196185,Female,University,Married,68,1,-1,4,3,0,2,19706,75558,79847,18067,56816,59624,2921,34890,32487,47775,12598,28505,1
194168,Female,University,Single,73,0,3,0,3,3,4,20316,14297,70074,52327,21244,1993,28844,48016,38438,20187,29291,37168,0
544421,Male,Graduate School,Married,79,1,-1,-1,4,1,3,35595,55605,47949,38396,82946,10654,1740,47827,12964,25181,28594,47660,0
671765,Female,High School,Others,29,3,-1,4,2,0,3,58655,81904,67793,37211,74365,-754,15095,20517,21602,2169,14980,13899,0
747770,Female,Unknown,Single,76,0,3,3,-1,-1,3,1497,85019,45543,98844,47669,55714,2818,47365,28288,5419,49401,18026,0
631281,Female,Others,Others,71,1,2,1,0,-1,1,12562,5463,10398,95516,47934,43738,17737,28093,30714,33330,44427,17401,0
125742,Female,Others,Others,52,1,4,1,2,4,3,93377,12632,94734,72624,12046,38745,6140,16595,3602,6460,27405,46046,0
682445,Female,Graduate School,Others,37,1,1,4,0,3,2,7757,28703,80580,39727,49057,55658,43406,3529,22488,38706,37819,5617,0
569990,Female,High School,Married,62,-1,0,-1,-1,2,-1,99239,81943,86308,13464,21748,89523,26811,13961,4096,20384,38879,11665,0
785435,Female,University,Married,39,-1,2,-1,1,3,0,87195,45221,13772,48777,46275,55247,25460,29456,35102,8211,4391,32412,0
154574,Male,University,Married,60,0,1,-1,4,1,4,8018,82031,63114,14406,65719,94771,38785,28212,6116,20344,24813,48110,1
318623,Female,Unknown,Single,47,4,4,-1,2,3,4,28277,24759,72436,78035,9411,78192,6993,39117,15539,9515,40555,4471,0
613672,Female,University,Others,71,3,2,2,-1,1,3,43077,86000,75326,70698,61526,14178,49894,13930,29610,3541,20104,47014,0
97957,Female,Others,Married,57,4,3,1,4,4,0,81269,59943,28011,63086,43604,27906,15899,42226,1279,35925,20393,49838,1
286570,Female,Unknown,Others,54,0,-1,0,2,4,3,48250,61249,49396,5797,32856,1689,7005,32915,37717,11932,4905,48670,0
473447,Female,High School,Married,67,2,3,1,3,4,1,82689,84862,65193,3858,32960,32355,7628,1709,49,6548,35104,20850,0
779867,Female,Unknown,Others,69,2,4,1,2,2,0,33572,32039,82619,65373,96014,66004,26615,19406,38419,39604,36685,44443,0
581692,Male,High School,Married,79,3,0,1,1,4,3,41020,75069,19840,66551,4387,64768,18946,46402,27240,39945,45576,20634,0
625534,Female,University,Married,30,3,3,-1,1,3,3,56264,11158,54220,59796,51603,38653,12468,31106,42734,1314,1114,14877,1
100947,Female,Graduate School,Married,50,3,4,-1,0,-1,2,3170,19398,88967,64509,60185,13232,14851,3990,36814,30617,26795,12969,0
477595,Male,Unknown,Married,41,-1,-1,2,2,1,2,58449,80685,26619,47393,32099,88060,13199,28040,16449,18810,13010,15434,0
41152,Male,Unknown,Others,41,-1,2,4,3,1,2,92202,36711,97119,6234,49200,99190,31579,13962,6539,28529,38808,36045,1
376014,Female,Others,Married,74,2,1,1,1,-1,1,81321,61807,63258,69284,11280,15693,30901,7854,21754,17323,7967,5955,0
302881,Female,Others,Married,54,3,4,3,0,3,0,40147,81688,79061,27454,1275,89000,14439,36604,4223,8429,22037,12131,1
588613,Female,High School,Married,29,1,4,4,3,2,1,43944,29772,62900,64599,37005,24519,23823,14256,27320,8376,45531,11136,0
179839,Male,Graduate School,Others,54,4,0,2,3,0,-1,23714,26307,44384,39989,5385,90019,2334,4523,49339,7887,47211,19883,1
234864,Male,Others,Married,70,2,2,-1,3,3,3,48294,4166,28917,27547,49786,67284,38998,33136,5302,34553,42936,11110,0
767530,Female,Others,Others,32,3,4,1,-1,4,3,31711,6589,70499,52804,59949,42485,48200,29319,45633,42408,47692,1444,1
667362,Female,University,Single,67,1,4,-1,1,3,3,-780,46986,87155,54941,72184,66136,602,27669,28615,40797,42556,15008,1
725597,Male,University,Others,41,3,1,4,-1,1,2,68776,-536,69071,22567,97806,68359,48437,2597,19272,7490,33913,48276,0
327857,Male,Others,Single,77,0,-1,0,-1,1,3,38769,1600,55425,1325,2569,28027,15034,29210,21241,37345,1627,41047,1
51815,Male,High School,Married,40,1,3,-1,1,2,2,60949,-84,79116,70386,24910,63307,49594,1302,33434,47704,10050,31932,0
468213,Male,Graduate School,Married,26,4,2,-1,2,4,-1,76828,74180,43586,68908,85567,36698,30613,11516,41892,361,9674,32780,0
464075,Female,Others,Others,70,0,1,2,4,2,1,27604,5126,60321,54516,52170,4729,19691,34662,30798,25091,22145,27504,1
779589,Male,High School,Married,65,-1,1,0,0,2,1,15771,6151,63396,20149,68752,56143,40609,12254,5138,38633,49521,31713,0
728596,Male,High School,Married,56,2,3,4,4,-1,1,60182,76196,66512,88111,70427,44932,10824,2524,48605,24905,14264,30373,1
359931,Female,Others,Others,32,3,2,3,4,0,2,75759,-935,56089,1879,60398,14066,5856,7484,36620,22796,27768,21660,1
521098,Male,High School,Married,61,2,2,3,4,0,4,31714,58946,61272,99492,53383,17020,12159,14211,4140,3141,21704,48308,1
350387,Female,Unknown,Single,51,4,-1,3,4,4,4,29429,90837,46055,83701,30600,77966,19685,23966,48901,20123,31961,41279,0
492869,Male,High School,Single,22,3,2,1,1,2,0,37759,77424,-63,76849,15315,61176,2301,3356,13533,46010,49726,20771,0
32743,Female,Others,Married,36,0,4,3,4,1,4,65095,78535,86516,83065,89134,66326,23479,22600,43136,16676,15759,13927,1
653780,Male,High School,Married,21,1,3,1,0,0,0,839,50056,16673,81195,23232,67680,14073,33870,33385,38798,48856,14958,0
664563,Female,Others,Single,24,1,2,4,2,3,-1,66307,6193,71957,13908,25425,38735,3566,17451,45818,38173,5504,21252,0
222204,Female,University,Married,67,3,-1,4,1,-1,0,23940,63610,47582,16650,74891,94702,22937,33512,13944,16743,40788,38538,1
40339,Male,Others,Single,72,0,1,-1,4,1,-1,89528,27540,28500,71112,65015,48307,15558,3074,31973,1609,30783,31559,0
44121,Female,High School,Others,21,3,4,3,3,-1,3,6676,75537,56856,35872,83274,22298,14060,30858,49944,43531,47172,13211,1
446211,Female,Others,Single,72,3,2,2,1,3,1,82988,60434,11953,66855,79102,40893,7120,35630,12185,34128,29819,27025,0
386276,Male,Graduate School,Married,67,3,3,4,2,0,4,15900,8078,66052,95003,42499,89687,31636,27654,2444,623,21861,6199,1
51446,Female,Others,Married,55,1,2,0,4,-1,2,60375,55125,45340,80951,53016,41411,18773,14189,10514,34333,35340,17480,1
259380,Female,Others,Single,33,4,0,0,-1,4,-1,41180,51960,42042,92311,49295,53315,18214,2560,20617,34688,22289,17353,0
136530,Male,Graduate School,Single,70,3,-1,4,1,-1,4,65196,60521,98708,54020,99637,19932,39308,37559,1350,22871,23821,36019,0
448894,Male,Graduate School,Married,65,1,1,-1,3,-1,2,89441,88485,70706,74792,53235,37006,20457,36602,27406,48916,12271,193,0
770528,Female,Graduate School,Married,62,-1,0,0,1,3,2,64913,23245,25507,39488,56104,55668,38313,24652,47318,21097,42116,27420,0
483468,Female,Unknown,Married,51,0,3,0,-1,1,1,10474,83667,1353,76272,22958,77732,27990,47003,18659,22303,7193,23935,0
368486,Female,Others,Others,40,-1,2,-1,1,1,3,-841,31811,10999,91460,61821,-61,21213,46299,22634,24313,41718,13047,0
93404,Female,Graduate School,Others,76,3,-1,-1,3,3,3,93865,30543,75474,99111,46993,10651,40822,1012,34685,8766,35516,17636,1
320062,Female,Graduate School,Single,27,1,4,-1,2,-1,0,14929,61941,62134,43819,20655,8285,29712,37053,10269,34769,32707,17178,1
106666,Male,University,Single,77,0,2,2,3,-1,4,35942,35610,-420,60481,20828,71626,41555,41834,608,396,38173,27298,0
518594,Female,Unknown,Others,60,2,2,-1,2,2,3,1199,3705,84249,62241,48990,52093,3462,20741,25344,31140,48573,34394,1
198307,Male,Others,Others,53,0,2,-1,3,4,1,91676,17272,72829,54347,55565,26077,15856,36324,49935,43668,9021,16082,1
540413,Male,High School,Single,48,0,4,-1,0,0,4,11980,30834,69086,70599,58193,68898,12381,47744,11121,4497,9040,46718,1
248580,Male,Unknown,Others,70,3,2,4,1,0,2,41997,52050,44248,60216,39959,46834,20151,2325,48650,34279,7899,43801,1
786716,Male,Unknown,Single,64,-1,-1,3,1,1,-1,42359,78176,92954,68098,44973,49613,42627,26301,39834,10285,39749,37958,0
399566,Female,University,Married,70,-1,4,4,-1,3,-1,90336,80548,61249,51350,26962,58757,17489,32406,35157,45209,26552,41050,0
712871,Female,Others,Single,76,2,4,3,0,-1,3,45006,60236,64834,64228,75580,43733,45395,20372,167,2692,4344,44637,0
243084,Female,Others,Others,64,3,0,2,-1,4,0,5276,70419,35884,69040,1209,23319,2855,18738,48338,47390,13402,7243,1
301190,Male,Graduate School,Others,40,0,3,2,1,0,-1,17372,24295,15428,96891,63099,24786,6503,12159,39543,2032,7203,30311,1
229368,Male,Graduate School,Others,52,4,4,0,-1,3,0,87697,81610,6647,11631,74120,18682,14324,10846,3256,39756,13318,47548,1
394762,Female,Unknown,Single,29,-1,0,4,2,3,-1,7168,47937,67079,80861,10448,66751,18543,11419,2479,42314,42489,7364,1
544402,Male,University,Others,54,-1,-1,3,0,-1,0,98169,5842,84779,22118,66495,5275,37166,45355,23975,21118,5440,31927,1
10637,Female,Others,Single,34,1,3,2,3,4,0,23966,96092,69314,45774,-725,60594,14129,18778,41939,27328,43209,11711,1
572922,Male,University,Married,24,0,4,2,2,3,2,3915,7301,62153,59513,20008,42791,46998,38310,27010,7639,2892,17704,0
360857,Male,High School,Married,49,3,1,4,4,0,1,38009,30579,79094,96347,90571,69353,20530,37289,35584,48761,20008,36227,0
570064,Male,Others,Others,35,-1,0,0,3,2,-1,47921,24090,52546,55141,59675,19486,25381,16425,8982,44695,6687,2369,0
688960,Male,Graduate School,Single,37,3,-1,-1,-1,0,4,63267,7828,51704,68659,57302,11810,6024,47419,45797,4252,23807,18852,0
298953,Male,Unknown,Single,39,0,-1,1,1,4,3,80733,51480,79919,10292,99145,48402,41660,29309,44146,44699,39072,43553,0
462685,Male,University,Others,58,0,-1,0,2,2,1,28011,65162,29033,60265,76787,14027,36559,18232,36769,37477,15389,26233,0
572656,Male,Graduate School,Single,29,-1,3,1,0,3,2,82474,97373,84075,44689,19529,29335,37524,10316,10640,10668,30152,11569,0
87185,Female,Unknown,Others,47,2,2,0,3,0,2,3047,58850,84625,27883,14631,71965,42760,4191,40239,5077,37222,20421,0
415096,Female,Graduate School,Others,69,3,1,0,4,-1,2,15515,22933,97820,20167,78082,83087,18291,13024,44634,27475,25875,16729,1
486535,Male,Others,Married,35,3,3,-1,2,4,3,68215,60233,66737,76416,46687,87111,13592,26222,7740,1275,30552,31434,1
266286,Male,University,Others,57,1,3,2,1,3,-1,21737,86533,30000,-929,95060,75868,33904,13599,25702,28938,34939,28457,1
722515,Female,High School,Single,48,0,4,3,0,-1,-1,83996,31591,71113,31234,70211,29584,20515,3334,38794,32562,28939,49801,0
388337,Male,Graduate School,Others,70,0,0,0,0,2,0,28048,13432,11629,4516,55209,41245,622,20043,21134,32826,8469,38148,0
622050,Female,University,Married,75,-1,1,-1,3,1,0,11927,92911,60525,77055,10569,14077,7245,23463,11353,20307,17407,30041,0
116745,Female,Others,Married,24,-1,-1,1,2,1,4,63565,9042,35426,44037,48639,16852,22043,49806,11381,17000,4621,40619,0
337460,Female,Graduate School,Single,41,-1,3,4,2,2,0,33289,19703,5922,7234,37173,49654,15295,9584,40074,14092,12905,27282,0
605144,Female,Others,Others,76,1,1,4,0,1,3,51421,21345,68822,3360,54856,60663,37736,28244,15238,30254,25775,6292,0
311355,Female,High School,Single,54,2,0,2,-1,4,1,48592,10070,92435,99135,39033,5600,38191,24459,41711,3671,18101,34680,0
357613,Male,High School,Single,39,-1,2,4,0,3,-1,74469,76080,94299,80965,37365,69350,1415,21755,46596,18095,33037,31137,0
770616,Male,Unknown,Others,79,-1,1,0,1,3,0,98507,72595,68472,89094,33708,43397,39565,5452,17616,1342,46593,39964,0
313561,Female,Unknown,Married,57,4,-1,1,2,4,3,95017,38552,90281,92753,27590,69580,18446,21223,14422,37520,19004,11877,0
750018,Male,Unknown,Single,78,-1,3,0,3,0,3,84311,17018,98294,39160,63024,15411,37030,7593,41818,37700,25962,22479,0
203899,Female,Others,Single,24,1,2,4,2,3,4,13836,13093,85891,82595,10989,63364,34456,14630,29638,33791,5226,24434,1
578944,Male,Unknown,Married,57,3,0,3,0,1,0,84641,67079,60049,10544,32727,88818,4158,31361,47990,39733,5253,8058,0
382027,Male,University,Others,71,2,-1,4,1,4,4,44078,15118,95155,5381,38398,40860,24122,49436,4728,17117,46488,38448,1
258945,Male,Others,Others,52,3,2,3,-1,-1,2,38543,71889,6721,22128,37560,40808,41162,42300,24029,41357,46530,19644,0
160694,Male,Others,Others,65,4,4,4,2,0,2,88080,62219,39957,93095,96473,64636,29852,33279,40047,27662,8726,2112,1
526356,Male,Unknown,Married,68,0,4,2,0,-1,2,14953,12349,52159,5834,34331,58449,48678,44015,18384,9160,35166,26058,0
769401,Male,Unknown,Single,32,0,0,1,4,1,0,56027,65304,66714,93075,32231,14383,30997,20508,30089,461,23579,41635,0
84975,Male,Others,Married,61,-1,-1,3,0,-1,3,73931,13163,98142,51175,63267,85430,1124,12003,22390,24713,21016,33243,0
70666,Male,High School,Single,76,4,3,-1,0,1,3,50039,14095,94166,83710,9128,55546,21672,35846,33007,17145,40000,325,1
373021,Female,High School,Single,36,3,0,2,1,3,-1,68806,67139,8747,59514,23055,35008,18834,37405,23823,43157,46273,48700,1
328149,Female,Unknown,Others,34,1,2,0,0,0,2,72925,65527,20318,28398,93243,47616,46220,47067,2190,25438,31950,19647,0
763789,Male,High School,Others,74,2,-1,4,0,2,0,76253,25304,25619,21727,56359,10509,6490,12215,48057,29452,48426,40807,1
642013,Male,University,Others,21,3,4,1,0,1,-1,32512,41988,72640,98316,27646,45915,41746,41174,37459,592,29735,18519,1
152475,Male,University,Married,72,4,4,1,2,4,3,20930,57873,46746,79308,98222,31766,9167,29859,2015,5696,41423,15817,1
594765,Female,University,Others,75,4,1,4,0,4,-1,48604,81408,6338,85509,95120,66024,4929,43228,21754,18731,22,20637,1
516201,Male,Others,Married,78,3,-1,-1,1,3,2,2262,72715,65704,51659,95904,33221,4288,5119,16546,17830,41648,9488,1
